2026-01-13 15:56:11,311 | INFO | app | Aplicação iniciada
2026-01-14 09:10:47,801 | INFO | app | Aplicação iniciada
2026-01-14 09:10:58,821 | INFO | app | Solicitação de impressão
2026-01-14 09:10:58,979 | INFO | app | Preparando impressão
2026-01-14 09:10:58,980 | INFO | app | Enviando ZPL para agente de impressão
2026-01-14 09:10:59,500 | INFO | app | Agente confirmou impressão
2026-01-14 09:10:59,501 | INFO | app | Impressão concluída com sucesso
2026-01-14 09:11:03,686 | INFO | app | Solicitação de impressão
2026-01-14 09:11:03,760 | INFO | app | Preparando impressão
2026-01-14 09:11:03,761 | INFO | app | Enviando ZPL para agente de impressão
2026-01-14 09:11:03,820 | INFO | app | Agente confirmou impressão
2026-01-14 09:11:03,822 | INFO | app | Impressão concluída com sucesso
2026-01-14 09:13:09,500 | INFO | app | Upsert realizado com sucesso
2026-01-14 09:13:09,578 | INFO | app | Upsert realizado com sucesso
2026-01-14 09:13:09,650 | INFO | app | Upsert realizado com sucesso
2026-01-14 09:13:09,721 | INFO | app | Upsert realizado com sucesso
2026-01-14 09:13:09,797 | INFO | app | Upsert realizado com sucesso
2026-01-14 09:13:09,894 | INFO | app | Upsert realizado com sucesso
2026-01-14 09:13:09,983 | INFO | app | Upsert realizado com sucesso
2026-01-14 09:13:10,078 | INFO | app | Upsert realizado com sucesso
2026-01-14 09:13:10,157 | INFO | app | Upsert realizado com sucesso
2026-01-14 09:13:10,227 | INFO | app | Upsert realizado com sucesso
2026-01-14 09:13:10,294 | INFO | app | Upsert realizado com sucesso
2026-01-14 09:13:10,371 | INFO | app | Upsert realizado com sucesso
2026-01-14 09:13:10,442 | INFO | app | Upsert realizado com sucesso
2026-01-14 09:13:10,510 | INFO | app | Upsert realizado com sucesso
2026-01-14 09:13:10,606 | INFO | app | Upsert realizado com sucesso
2026-01-14 09:13:10,679 | INFO | app | Upsert realizado com sucesso
2026-01-14 09:13:10,757 | INFO | app | Upsert realizado com sucesso
2026-01-14 09:13:10,829 | INFO | app | Upsert realizado com sucesso
2026-01-14 09:13:10,900 | INFO | app | Upsert realizado com sucesso
2026-01-14 09:13:10,977 | INFO | app | Upsert realizado com sucesso
2026-01-14 09:13:11,048 | INFO | app | Upsert realizado com sucesso
2026-01-14 09:13:11,122 | INFO | app | Upsert realizado com sucesso
2026-01-14 09:13:11,193 | INFO | app | Upsert realizado com sucesso
2026-01-14 09:13:11,267 | INFO | app | Upsert realizado com sucesso
2026-01-14 09:13:11,348 | INFO | app | Upsert realizado com sucesso
2026-01-14 09:13:11,450 | INFO | app | Upsert realizado com sucesso
2026-01-14 09:13:11,525 | INFO | app | Upsert realizado com sucesso
2026-01-14 09:13:11,595 | INFO | app | Upsert realizado com sucesso
2026-01-14 09:13:11,662 | INFO | app | Upsert realizado com sucesso
2026-01-14 09:13:11,737 | INFO | app | Upsert realizado com sucesso
2026-01-14 09:13:11,814 | INFO | app | Upsert realizado com sucesso
2026-01-14 09:13:11,887 | INFO | app | Upsert realizado com sucesso
2026-01-14 09:13:11,965 | INFO | app | Upsert realizado com sucesso
2026-01-14 09:13:12,035 | INFO | app | Upsert realizado com sucesso
2026-01-14 09:13:12,111 | INFO | app | Upsert realizado com sucesso
2026-01-14 09:13:12,187 | INFO | app | Upsert realizado com sucesso
2026-01-14 09:13:12,290 | INFO | app | Upsert realizado com sucesso
2026-01-14 09:13:12,368 | INFO | app | Upsert realizado com sucesso
2026-01-14 09:13:12,436 | INFO | app | Upsert realizado com sucesso
2026-01-14 09:13:12,514 | INFO | app | Upsert realizado com sucesso
2026-01-14 09:13:12,609 | INFO | app | Upsert realizado com sucesso
2026-01-14 09:13:12,711 | INFO | app | Upsert realizado com sucesso
2026-01-14 09:13:12,788 | INFO | app | Upsert realizado com sucesso
2026-01-14 09:13:12,863 | INFO | app | Upsert realizado com sucesso
2026-01-14 09:13:12,938 | INFO | app | Upsert realizado com sucesso
2026-01-14 09:13:13,018 | INFO | app | Upsert realizado com sucesso
2026-01-14 09:13:13,108 | INFO | app | Upsert realizado com sucesso
2026-01-14 09:13:13,208 | INFO | app | Upsert realizado com sucesso
2026-01-14 09:13:13,287 | INFO | app | Upsert realizado com sucesso
2026-01-14 09:13:13,370 | INFO | app | Upsert realizado com sucesso
2026-01-14 09:13:13,444 | INFO | app | Upsert realizado com sucesso
2026-01-14 09:13:13,524 | INFO | app | Upsert realizado com sucesso
2026-01-14 09:13:13,624 | INFO | app | Upsert realizado com sucesso
2026-01-14 09:13:13,711 | INFO | app | Upsert realizado com sucesso
2026-01-14 09:13:13,788 | INFO | app | Upsert realizado com sucesso
2026-01-14 09:13:13,858 | INFO | app | Upsert realizado com sucesso
2026-01-14 09:13:13,935 | INFO | app | Upsert realizado com sucesso
2026-01-14 09:13:14,010 | INFO | app | Upsert realizado com sucesso
2026-01-14 09:13:14,103 | INFO | app | Upsert realizado com sucesso
2026-01-14 09:13:14,177 | INFO | app | Upsert realizado com sucesso
2026-01-14 09:13:14,264 | INFO | app | Upsert realizado com sucesso
2026-01-14 09:13:14,353 | INFO | app | Upsert realizado com sucesso
2026-01-14 09:13:14,425 | INFO | app | Upsert realizado com sucesso
2026-01-14 09:13:14,501 | INFO | app | Upsert realizado com sucesso
2026-01-14 09:13:14,580 | INFO | app | Upsert realizado com sucesso
2026-01-14 09:13:14,660 | INFO | app | Upsert realizado com sucesso
2026-01-14 09:13:14,758 | INFO | app | Upsert realizado com sucesso
2026-01-14 09:13:14,855 | INFO | app | Upsert realizado com sucesso
2026-01-14 09:13:14,943 | INFO | app | Upsert realizado com sucesso
2026-01-14 09:13:15,023 | INFO | app | Upsert realizado com sucesso
2026-01-14 09:13:15,099 | INFO | app | Upsert realizado com sucesso
2026-01-14 09:13:15,175 | INFO | app | Upsert realizado com sucesso
2026-01-14 09:13:15,245 | INFO | app | Upsert realizado com sucesso
2026-01-14 09:13:15,321 | INFO | app | Upsert realizado com sucesso
2026-01-14 09:13:15,395 | INFO | app | Upsert realizado com sucesso
2026-01-14 09:13:15,479 | INFO | app | Upsert realizado com sucesso
2026-01-14 09:13:15,551 | INFO | app | Upsert realizado com sucesso
2026-01-14 09:13:15,624 | INFO | app | Upsert realizado com sucesso
2026-01-14 09:13:15,700 | INFO | app | Upsert realizado com sucesso
2026-01-14 09:13:15,774 | INFO | app | Upsert realizado com sucesso
2026-01-14 09:13:15,847 | INFO | app | Upsert realizado com sucesso
2026-01-14 09:13:15,936 | INFO | app | Upsert realizado com sucesso
2026-01-14 09:13:16,029 | INFO | app | Upsert realizado com sucesso
2026-01-14 09:13:16,124 | INFO | app | Upsert realizado com sucesso
2026-01-14 09:13:16,220 | INFO | app | Upsert realizado com sucesso
2026-01-14 09:13:16,301 | INFO | app | Upsert realizado com sucesso
2026-01-14 09:13:16,390 | INFO | app | Upsert realizado com sucesso
2026-01-14 09:13:16,484 | INFO | app | Upsert realizado com sucesso
2026-01-14 09:13:16,575 | INFO | app | Upsert realizado com sucesso
2026-01-14 09:13:16,674 | INFO | app | Upsert realizado com sucesso
2026-01-14 09:13:16,748 | INFO | app | Upsert realizado com sucesso
2026-01-14 09:13:16,839 | INFO | app | Upsert realizado com sucesso
2026-01-14 09:13:16,917 | INFO | app | Upsert realizado com sucesso
2026-01-14 09:13:17,009 | INFO | app | Upsert realizado com sucesso
2026-01-14 09:13:17,080 | INFO | app | Upsert realizado com sucesso
2026-01-14 09:13:17,154 | INFO | app | Upsert realizado com sucesso
2026-01-14 09:13:17,228 | INFO | app | Upsert realizado com sucesso
2026-01-14 09:13:17,302 | INFO | app | Upsert realizado com sucesso
2026-01-14 09:13:17,385 | INFO | app | Upsert realizado com sucesso
2026-01-14 09:13:17,456 | INFO | app | Upsert realizado com sucesso
2026-01-14 09:13:17,554 | INFO | app | Upsert realizado com sucesso
2026-01-14 09:13:17,647 | INFO | app | Upsert realizado com sucesso
2026-01-14 09:13:17,726 | INFO | app | Upsert realizado com sucesso
2026-01-14 09:13:17,829 | INFO | app | Upsert realizado com sucesso
2026-01-14 09:13:17,906 | INFO | app | Upsert realizado com sucesso
2026-01-14 09:13:17,983 | INFO | app | Upsert realizado com sucesso
2026-01-14 09:13:18,056 | INFO | app | Upsert realizado com sucesso
2026-01-14 09:13:18,132 | INFO | app | Upsert realizado com sucesso
2026-01-14 09:13:18,218 | INFO | app | Upsert realizado com sucesso
2026-01-14 09:13:18,533 | INFO | app | Upsert realizado com sucesso
2026-01-14 09:13:18,629 | INFO | app | Upsert realizado com sucesso
2026-01-14 09:13:18,706 | INFO | app | Upsert realizado com sucesso
2026-01-14 09:13:18,798 | INFO | app | Upsert realizado com sucesso
2026-01-14 09:13:18,890 | INFO | app | Upsert realizado com sucesso
2026-01-14 09:13:18,968 | INFO | app | Upsert realizado com sucesso
2026-01-14 09:13:19,047 | INFO | app | Upsert realizado com sucesso
2026-01-14 09:13:19,146 | INFO | app | Upsert realizado com sucesso
2026-01-14 09:13:19,219 | INFO | app | Upsert realizado com sucesso
2026-01-14 09:13:19,314 | INFO | app | Upsert realizado com sucesso
2026-01-14 09:13:19,386 | INFO | app | Upsert realizado com sucesso
2026-01-14 09:13:19,482 | INFO | app | Upsert realizado com sucesso
2026-01-14 09:13:19,578 | INFO | app | Upsert realizado com sucesso
2026-01-14 09:13:19,657 | INFO | app | Upsert realizado com sucesso
2026-01-14 09:13:19,727 | INFO | app | Upsert realizado com sucesso
2026-01-14 09:13:19,825 | INFO | app | Upsert realizado com sucesso
2026-01-14 09:13:19,920 | INFO | app | Upsert realizado com sucesso
2026-01-14 09:13:20,012 | INFO | app | Upsert realizado com sucesso
2026-01-14 09:13:20,103 | INFO | app | Upsert realizado com sucesso
2026-01-14 09:13:20,179 | INFO | app | Upsert realizado com sucesso
2026-01-14 09:13:20,274 | INFO | app | Upsert realizado com sucesso
2026-01-14 09:13:20,345 | INFO | app | Upsert realizado com sucesso
2026-01-14 09:13:20,415 | INFO | app | Upsert realizado com sucesso
2026-01-14 09:13:20,488 | INFO | app | Upsert realizado com sucesso
2026-01-14 09:13:20,557 | INFO | app | Upsert realizado com sucesso
2026-01-14 09:13:20,639 | INFO | app | Upsert realizado com sucesso
2026-01-14 09:13:20,731 | INFO | app | Upsert realizado com sucesso
2026-01-14 09:13:20,805 | INFO | app | Upsert realizado com sucesso
2026-01-14 09:13:20,879 | INFO | app | Upsert realizado com sucesso
2026-01-14 09:13:20,965 | INFO | app | Upsert realizado com sucesso
2026-01-14 09:13:21,063 | INFO | app | Upsert realizado com sucesso
2026-01-14 09:13:21,142 | INFO | app | Upsert realizado com sucesso
2026-01-14 09:13:21,217 | INFO | app | Upsert realizado com sucesso
2026-01-14 09:13:21,307 | INFO | app | Upsert realizado com sucesso
2026-01-14 09:13:21,388 | INFO | app | Upsert realizado com sucesso
2026-01-14 09:13:21,479 | INFO | app | Upsert realizado com sucesso
2026-01-14 09:13:21,570 | INFO | app | Upsert realizado com sucesso
2026-01-14 09:13:21,646 | INFO | app | Upsert realizado com sucesso
2026-01-14 09:13:21,729 | INFO | app | Upsert realizado com sucesso
2026-01-14 09:13:21,808 | INFO | app | Upsert realizado com sucesso
2026-01-14 09:13:21,899 | INFO | app | Upsert realizado com sucesso
2026-01-14 09:13:21,977 | INFO | app | Upsert realizado com sucesso
2026-01-14 09:13:22,052 | INFO | app | Upsert realizado com sucesso
2026-01-14 09:13:22,126 | INFO | app | Upsert realizado com sucesso
2026-01-14 09:13:22,228 | INFO | app | Upsert realizado com sucesso
2026-01-14 09:13:22,311 | INFO | app | Upsert realizado com sucesso
2026-01-14 09:13:22,396 | INFO | app | Upsert realizado com sucesso
2026-01-14 09:13:22,477 | INFO | app | Upsert realizado com sucesso
2026-01-14 09:13:22,555 | INFO | app | Upsert realizado com sucesso
2026-01-14 09:13:22,629 | INFO | app | Upsert realizado com sucesso
2026-01-14 09:13:22,702 | INFO | app | Upsert realizado com sucesso
2026-01-14 09:13:22,796 | INFO | app | Upsert realizado com sucesso
2026-01-14 09:13:22,898 | INFO | app | Upsert realizado com sucesso
2026-01-14 09:13:23,001 | INFO | app | Upsert realizado com sucesso
2026-01-14 09:13:23,289 | INFO | app | Upsert realizado com sucesso
2026-01-14 09:13:23,383 | INFO | app | Upsert realizado com sucesso
2026-01-14 09:13:23,459 | INFO | app | Upsert realizado com sucesso
2026-01-14 09:13:23,540 | INFO | app | Upsert realizado com sucesso
2026-01-14 09:13:23,619 | INFO | app | Upsert realizado com sucesso
2026-01-14 09:13:23,693 | INFO | app | Upsert realizado com sucesso
2026-01-14 09:13:23,768 | INFO | app | Upsert realizado com sucesso
2026-01-14 09:13:23,876 | INFO | app | Upsert realizado com sucesso
2026-01-14 09:13:23,979 | INFO | app | Upsert realizado com sucesso
2026-01-14 09:13:24,069 | INFO | app | Upsert realizado com sucesso
2026-01-14 09:13:24,146 | INFO | app | Upsert realizado com sucesso
2026-01-14 09:13:24,229 | INFO | app | Upsert realizado com sucesso
2026-01-14 09:13:24,334 | INFO | app | Upsert realizado com sucesso
2026-01-14 09:13:24,411 | INFO | app | Upsert realizado com sucesso
2026-01-14 09:13:24,484 | INFO | app | Upsert realizado com sucesso
2026-01-14 09:13:24,557 | INFO | app | Upsert realizado com sucesso
2026-01-14 09:13:24,659 | INFO | app | Upsert realizado com sucesso
2026-01-14 09:13:24,736 | INFO | app | Upsert realizado com sucesso
2026-01-14 09:13:24,804 | INFO | app | Upsert realizado com sucesso
2026-01-14 09:13:24,886 | INFO | app | Upsert realizado com sucesso
2026-01-14 09:13:24,974 | INFO | app | Upsert realizado com sucesso
2026-01-14 09:13:25,050 | INFO | app | Upsert realizado com sucesso
2026-01-14 09:13:25,123 | INFO | app | Upsert realizado com sucesso
2026-01-14 09:13:25,208 | INFO | app | Upsert realizado com sucesso
2026-01-14 09:13:25,303 | INFO | app | Upsert realizado com sucesso
2026-01-14 09:13:25,393 | INFO | app | Upsert realizado com sucesso
2026-01-14 09:13:25,461 | INFO | app | Upsert realizado com sucesso
2026-01-14 09:13:25,534 | INFO | app | Upsert realizado com sucesso
2026-01-14 09:13:25,604 | INFO | app | Upsert realizado com sucesso
2026-01-14 09:13:25,679 | INFO | app | Upsert realizado com sucesso
2026-01-14 09:13:25,743 | INFO | app | Upsert realizado com sucesso
2026-01-14 09:13:25,825 | INFO | app | Upsert realizado com sucesso
2026-01-14 09:13:25,900 | INFO | app | Upsert realizado com sucesso
2026-01-14 09:13:25,972 | INFO | app | Upsert realizado com sucesso
2026-01-14 09:13:26,274 | INFO | app | Upsert realizado com sucesso
2026-01-14 09:13:26,351 | INFO | app | Upsert realizado com sucesso
2026-01-14 09:13:26,425 | INFO | app | Upsert realizado com sucesso
2026-01-14 09:13:26,496 | INFO | app | Upsert realizado com sucesso
2026-01-14 09:13:26,564 | INFO | app | Upsert realizado com sucesso
2026-01-14 09:13:26,634 | INFO | app | Upsert realizado com sucesso
2026-01-14 09:13:26,965 | INFO | app | Upsert realizado com sucesso
2026-01-14 09:13:27,040 | INFO | app | Upsert realizado com sucesso
2026-01-14 09:13:27,118 | INFO | app | Upsert realizado com sucesso
2026-01-14 09:13:27,188 | INFO | app | Upsert realizado com sucesso
2026-01-14 09:13:27,274 | INFO | app | Upsert realizado com sucesso
2026-01-14 09:13:27,354 | INFO | app | Upsert realizado com sucesso
2026-01-14 09:13:27,434 | INFO | app | Upsert realizado com sucesso
2026-01-14 09:13:27,508 | INFO | app | Upsert realizado com sucesso
2026-01-14 09:13:27,597 | INFO | app | Upsert realizado com sucesso
2026-01-14 09:13:27,697 | INFO | app | Upsert realizado com sucesso
2026-01-14 09:13:27,771 | INFO | app | Upsert realizado com sucesso
2026-01-14 09:13:27,866 | INFO | app | Upsert realizado com sucesso
2026-01-14 09:13:27,957 | INFO | app | Upsert realizado com sucesso
2026-01-14 09:13:28,031 | INFO | app | Upsert realizado com sucesso
2026-01-14 09:13:28,130 | INFO | app | Upsert realizado com sucesso
2026-01-14 09:13:28,204 | INFO | app | Upsert realizado com sucesso
2026-01-14 09:13:28,289 | INFO | app | Upsert realizado com sucesso
2026-01-14 09:13:28,374 | INFO | app | Upsert realizado com sucesso
2026-01-14 09:13:28,478 | INFO | app | Upsert realizado com sucesso
2026-01-14 09:13:28,566 | INFO | app | Upsert realizado com sucesso
2026-01-14 09:13:28,673 | INFO | app | Upsert realizado com sucesso
2026-01-14 09:13:28,774 | INFO | app | Upsert realizado com sucesso
2026-01-14 09:13:28,869 | INFO | app | Upsert realizado com sucesso
2026-01-14 09:13:28,949 | INFO | app | Upsert realizado com sucesso
2026-01-14 09:13:29,038 | INFO | app | Upsert realizado com sucesso
2026-01-14 09:13:29,137 | INFO | app | Upsert realizado com sucesso
2026-01-14 09:13:29,220 | INFO | app | Upsert realizado com sucesso
2026-01-14 09:13:29,317 | INFO | app | Upsert realizado com sucesso
2026-01-14 09:13:29,395 | INFO | app | Upsert realizado com sucesso
2026-01-14 09:13:29,473 | INFO | app | Upsert realizado com sucesso
2026-01-14 09:13:29,546 | INFO | app | Upsert realizado com sucesso
2026-01-14 09:13:29,620 | INFO | app | Upsert realizado com sucesso
2026-01-14 09:13:29,695 | INFO | app | Upsert realizado com sucesso
2026-01-14 09:13:29,788 | INFO | app | Upsert realizado com sucesso
2026-01-14 09:13:29,883 | INFO | app | Upsert realizado com sucesso
2026-01-14 09:13:29,969 | INFO | app | Upsert realizado com sucesso
2026-01-14 09:13:30,050 | INFO | app | Upsert realizado com sucesso
2026-01-14 09:13:30,126 | INFO | app | Upsert realizado com sucesso
2026-01-14 09:13:30,205 | INFO | app | Upsert realizado com sucesso
2026-01-14 09:13:30,299 | INFO | app | Upsert realizado com sucesso
2026-01-14 09:13:30,370 | INFO | app | Upsert realizado com sucesso
2026-01-14 09:13:30,439 | INFO | app | Upsert realizado com sucesso
2026-01-14 09:13:30,509 | INFO | app | Upsert realizado com sucesso
2026-01-14 09:13:30,599 | INFO | app | Upsert realizado com sucesso
2026-01-14 09:13:30,703 | INFO | app | Upsert realizado com sucesso
2026-01-14 09:13:30,799 | INFO | app | Upsert realizado com sucesso
2026-01-14 09:13:30,874 | INFO | app | Upsert realizado com sucesso
2026-01-14 09:13:30,940 | INFO | app | Upsert realizado com sucesso
2026-01-14 09:13:31,025 | INFO | app | Upsert realizado com sucesso
2026-01-14 09:13:31,098 | INFO | app | Upsert realizado com sucesso
2026-01-14 09:13:31,186 | INFO | app | Upsert realizado com sucesso
2026-01-14 09:13:31,258 | INFO | app | Upsert realizado com sucesso
2026-01-14 09:13:31,351 | INFO | app | Upsert realizado com sucesso
2026-01-14 09:13:31,429 | INFO | app | Upsert realizado com sucesso
2026-01-14 09:13:31,527 | INFO | app | Upsert realizado com sucesso
2026-01-14 09:13:31,623 | INFO | app | Upsert realizado com sucesso
2026-01-14 09:13:31,709 | INFO | app | Upsert realizado com sucesso
2026-01-14 09:13:31,787 | INFO | app | Upsert realizado com sucesso
2026-01-14 09:13:31,890 | INFO | app | Upsert realizado com sucesso
2026-01-14 09:13:31,963 | INFO | app | Upsert realizado com sucesso
2026-01-14 09:13:32,040 | INFO | app | Upsert realizado com sucesso
2026-01-14 09:13:32,142 | INFO | app | Upsert realizado com sucesso
2026-01-14 09:13:32,220 | INFO | app | Upsert realizado com sucesso
2026-01-14 09:13:32,304 | INFO | app | Upsert realizado com sucesso
2026-01-14 09:13:32,401 | INFO | app | Upsert realizado com sucesso
2026-01-14 09:13:32,489 | INFO | app | Upsert realizado com sucesso
2026-01-14 09:13:32,580 | INFO | app | Upsert realizado com sucesso
2026-01-14 09:13:32,667 | INFO | app | Upsert realizado com sucesso
2026-01-14 09:13:32,744 | INFO | app | Upsert realizado com sucesso
2026-01-14 09:13:32,833 | INFO | app | Upsert realizado com sucesso
2026-01-14 09:13:32,922 | INFO | app | Upsert realizado com sucesso
2026-01-14 09:13:33,030 | INFO | app | Upsert realizado com sucesso
2026-01-14 09:13:33,102 | INFO | app | Upsert realizado com sucesso
2026-01-14 09:13:33,178 | INFO | app | Upsert realizado com sucesso
2026-01-14 09:13:33,254 | INFO | app | Upsert realizado com sucesso
2026-01-14 09:13:33,324 | INFO | app | Upsert realizado com sucesso
2026-01-14 09:13:33,417 | INFO | app | Upsert realizado com sucesso
2026-01-14 09:13:33,508 | INFO | app | Upsert realizado com sucesso
2026-01-14 09:13:33,594 | INFO | app | Upsert realizado com sucesso
2026-01-14 09:13:33,664 | INFO | app | Upsert realizado com sucesso
2026-01-14 09:13:33,738 | INFO | app | Upsert realizado com sucesso
2026-01-14 09:13:33,818 | INFO | app | Upsert realizado com sucesso
2026-01-14 09:13:33,890 | INFO | app | Upsert realizado com sucesso
2026-01-14 09:13:33,967 | INFO | app | Upsert realizado com sucesso
2026-01-14 09:13:34,062 | INFO | app | Upsert realizado com sucesso
2026-01-14 09:13:34,154 | INFO | app | Upsert realizado com sucesso
2026-01-14 09:13:34,227 | INFO | app | Upsert realizado com sucesso
2026-01-14 09:13:34,303 | INFO | app | Upsert realizado com sucesso
2026-01-14 09:13:34,380 | INFO | app | Upsert realizado com sucesso
2026-01-14 09:13:34,470 | INFO | app | Upsert realizado com sucesso
2026-01-14 09:13:34,541 | INFO | app | Upsert realizado com sucesso
2026-01-14 09:13:34,611 | INFO | app | Upsert realizado com sucesso
2026-01-14 09:13:34,697 | INFO | app | Upsert realizado com sucesso
2026-01-14 09:13:34,791 | INFO | app | Upsert realizado com sucesso
2026-01-14 09:13:34,866 | INFO | app | Upsert realizado com sucesso
2026-01-14 09:13:34,959 | INFO | app | Upsert realizado com sucesso
2026-01-14 09:13:35,069 | INFO | app | Upsert realizado com sucesso
2026-01-14 09:13:35,147 | INFO | app | Upsert realizado com sucesso
2026-01-14 09:13:35,225 | INFO | app | Upsert realizado com sucesso
2026-01-14 09:13:35,297 | INFO | app | Upsert realizado com sucesso
2026-01-14 09:13:35,371 | INFO | app | Upsert realizado com sucesso
2026-01-14 09:13:35,449 | INFO | app | Upsert realizado com sucesso
2026-01-14 09:13:35,520 | INFO | app | Upsert realizado com sucesso
2026-01-14 09:13:35,612 | INFO | app | Upsert realizado com sucesso
2026-01-14 09:13:35,705 | INFO | app | Upsert realizado com sucesso
2026-01-14 09:13:35,800 | INFO | app | Upsert realizado com sucesso
2026-01-14 09:13:35,873 | INFO | app | Upsert realizado com sucesso
2026-01-14 09:13:35,945 | INFO | app | Upsert realizado com sucesso
2026-01-14 09:13:36,020 | INFO | app | Upsert realizado com sucesso
2026-01-14 09:13:36,087 | INFO | app | Upsert realizado com sucesso
2026-01-14 09:13:36,161 | INFO | app | Upsert realizado com sucesso
2026-01-14 09:13:36,237 | INFO | app | Upsert realizado com sucesso
2026-01-14 09:13:36,310 | INFO | app | Upsert realizado com sucesso
2026-01-14 09:13:36,408 | INFO | app | Upsert realizado com sucesso
2026-01-14 09:13:36,497 | INFO | app | Upsert realizado com sucesso
2026-01-14 09:13:36,568 | INFO | app | Upsert realizado com sucesso
2026-01-14 09:13:36,661 | INFO | app | Upsert realizado com sucesso
2026-01-14 09:13:36,737 | INFO | app | Upsert realizado com sucesso
2026-01-14 09:13:36,815 | INFO | app | Upsert realizado com sucesso
2026-01-14 09:13:36,899 | INFO | app | Upsert realizado com sucesso
2026-01-14 09:13:36,996 | INFO | app | Upsert realizado com sucesso
2026-01-14 09:13:37,082 | INFO | app | Upsert realizado com sucesso
2026-01-14 09:13:37,169 | INFO | app | Upsert realizado com sucesso
2026-01-14 09:13:37,262 | INFO | app | Upsert realizado com sucesso
2026-01-14 09:13:37,358 | INFO | app | Upsert realizado com sucesso
2026-01-14 09:13:37,430 | INFO | app | Upsert realizado com sucesso
2026-01-14 09:13:37,514 | INFO | app | Upsert realizado com sucesso
2026-01-14 09:13:37,590 | INFO | app | Upsert realizado com sucesso
2026-01-14 09:13:37,664 | INFO | app | Upsert realizado com sucesso
2026-01-14 09:13:37,741 | INFO | app | Upsert realizado com sucesso
2026-01-14 09:13:37,814 | INFO | app | Upsert realizado com sucesso
2026-01-14 09:13:37,892 | INFO | app | Upsert realizado com sucesso
2026-01-14 09:13:37,983 | INFO | app | Upsert realizado com sucesso
2026-01-14 09:13:38,060 | INFO | app | Upsert realizado com sucesso
2026-01-14 09:13:38,151 | INFO | app | Upsert realizado com sucesso
2026-01-14 09:13:38,249 | INFO | app | Upsert realizado com sucesso
2026-01-14 09:13:38,319 | INFO | app | Upsert realizado com sucesso
2026-01-14 09:13:38,399 | INFO | app | Upsert realizado com sucesso
2026-01-14 09:13:38,482 | INFO | app | Upsert realizado com sucesso
2026-01-14 09:13:38,551 | INFO | app | Upsert realizado com sucesso
2026-01-14 09:13:38,623 | INFO | app | Upsert realizado com sucesso
2026-01-14 09:13:38,697 | INFO | app | Upsert realizado com sucesso
2026-01-14 09:13:38,794 | INFO | app | Upsert realizado com sucesso
2026-01-14 09:13:38,868 | INFO | app | Upsert realizado com sucesso
2026-01-14 09:13:38,941 | INFO | app | Upsert realizado com sucesso
2026-01-14 09:13:39,016 | INFO | app | Upsert realizado com sucesso
2026-01-14 09:13:39,119 | INFO | app | Upsert realizado com sucesso
2026-01-14 09:13:39,195 | INFO | app | Upsert realizado com sucesso
2026-01-14 09:13:39,294 | INFO | app | Upsert realizado com sucesso
2026-01-14 09:13:39,364 | INFO | app | Upsert realizado com sucesso
2026-01-14 09:13:39,456 | INFO | app | Upsert realizado com sucesso
2026-01-14 09:13:39,539 | INFO | app | Upsert realizado com sucesso
2026-01-14 09:13:39,620 | INFO | app | Upsert realizado com sucesso
2026-01-14 09:13:39,712 | INFO | app | Upsert realizado com sucesso
2026-01-14 09:13:39,789 | INFO | app | Upsert realizado com sucesso
2026-01-14 09:13:39,869 | INFO | app | Upsert realizado com sucesso
2026-01-14 09:13:39,941 | INFO | app | Upsert realizado com sucesso
2026-01-14 09:13:40,034 | INFO | app | Upsert realizado com sucesso
2026-01-14 09:13:40,131 | INFO | app | Upsert realizado com sucesso
2026-01-14 09:13:40,207 | INFO | app | Upsert realizado com sucesso
2026-01-14 09:13:40,277 | INFO | app | Upsert realizado com sucesso
2026-01-14 09:13:40,383 | INFO | app | Upsert realizado com sucesso
2026-01-14 09:13:40,455 | INFO | app | Upsert realizado com sucesso
2026-01-14 09:13:40,531 | INFO | app | Upsert realizado com sucesso
2026-01-14 09:13:40,637 | INFO | app | Upsert realizado com sucesso
2026-01-14 09:13:40,709 | INFO | app | Upsert realizado com sucesso
2026-01-14 09:13:40,796 | INFO | app | Upsert realizado com sucesso
2026-01-14 09:13:40,885 | INFO | app | Upsert realizado com sucesso
2026-01-14 09:13:40,973 | INFO | app | Upsert realizado com sucesso
2026-01-14 09:13:41,068 | INFO | app | Upsert realizado com sucesso
2026-01-14 09:13:41,149 | INFO | app | Upsert realizado com sucesso
2026-01-14 09:13:41,224 | INFO | app | Upsert realizado com sucesso
2026-01-14 09:13:41,315 | INFO | app | Upsert realizado com sucesso
2026-01-14 09:13:41,410 | INFO | app | Upsert realizado com sucesso
2026-01-14 09:13:41,503 | INFO | app | Upsert realizado com sucesso
2026-01-14 09:13:41,579 | INFO | app | Upsert realizado com sucesso
2026-01-14 09:13:41,650 | INFO | app | Upsert realizado com sucesso
2026-01-14 09:13:41,724 | INFO | app | Upsert realizado com sucesso
2026-01-14 09:13:41,833 | INFO | app | Upsert realizado com sucesso
2026-01-14 09:13:41,908 | INFO | app | Upsert realizado com sucesso
2026-01-14 09:13:41,982 | INFO | app | Upsert realizado com sucesso
2026-01-14 09:13:42,055 | INFO | app | Upsert realizado com sucesso
2026-01-14 09:13:42,129 | INFO | app | Upsert realizado com sucesso
2026-01-14 09:13:42,199 | INFO | app | Upsert realizado com sucesso
2026-01-14 09:13:42,302 | INFO | app | Upsert realizado com sucesso
2026-01-14 09:13:42,588 | INFO | app | Upsert realizado com sucesso
2026-01-14 09:13:42,664 | INFO | app | Upsert realizado com sucesso
2026-01-14 09:13:42,737 | INFO | app | Upsert realizado com sucesso
2026-01-14 09:13:42,811 | INFO | app | Upsert realizado com sucesso
2026-01-14 09:13:42,907 | INFO | app | Upsert realizado com sucesso
2026-01-14 09:13:42,996 | INFO | app | Upsert realizado com sucesso
2026-01-14 09:13:43,090 | INFO | app | Upsert realizado com sucesso
2026-01-14 09:13:43,182 | INFO | app | Upsert realizado com sucesso
2026-01-14 09:13:43,249 | INFO | app | Upsert realizado com sucesso
2026-01-14 09:13:43,325 | INFO | app | Upsert realizado com sucesso
2026-01-14 09:13:43,399 | INFO | app | Upsert realizado com sucesso
2026-01-14 09:13:43,490 | INFO | app | Upsert realizado com sucesso
2026-01-14 09:13:43,564 | INFO | app | Upsert realizado com sucesso
2026-01-14 09:13:43,635 | INFO | app | Upsert realizado com sucesso
2026-01-14 09:13:43,709 | INFO | app | Upsert realizado com sucesso
2026-01-14 09:13:43,800 | INFO | app | Upsert realizado com sucesso
2026-01-14 09:13:43,880 | INFO | app | Upsert realizado com sucesso
2026-01-14 09:13:43,970 | INFO | app | Upsert realizado com sucesso
2026-01-14 09:13:44,044 | INFO | app | Upsert realizado com sucesso
2026-01-14 09:13:44,125 | INFO | app | Upsert realizado com sucesso
2026-01-14 09:13:44,210 | INFO | app | Upsert realizado com sucesso
2026-01-14 09:13:44,308 | INFO | app | Upsert realizado com sucesso
2026-01-14 09:13:44,382 | INFO | app | Upsert realizado com sucesso
2026-01-14 09:13:44,471 | INFO | app | Upsert realizado com sucesso
2026-01-14 09:13:44,570 | INFO | app | Upsert realizado com sucesso
2026-01-14 09:13:44,658 | INFO | app | Upsert realizado com sucesso
2026-01-14 09:13:44,736 | INFO | app | Upsert realizado com sucesso
2026-01-14 09:13:44,815 | INFO | app | Upsert realizado com sucesso
2026-01-14 09:13:44,895 | INFO | app | Upsert realizado com sucesso
2026-01-14 09:13:44,963 | INFO | app | Upsert realizado com sucesso
2026-01-14 09:13:45,061 | INFO | app | Upsert realizado com sucesso
2026-01-14 09:13:45,136 | INFO | app | Upsert realizado com sucesso
2026-01-14 09:13:45,232 | INFO | app | Upsert realizado com sucesso
2026-01-14 09:13:45,304 | INFO | app | Upsert realizado com sucesso
2026-01-14 09:13:45,380 | INFO | app | Upsert realizado com sucesso
2026-01-14 09:13:45,458 | INFO | app | Upsert realizado com sucesso
2026-01-14 09:13:45,535 | INFO | app | Upsert realizado com sucesso
2026-01-14 09:13:45,610 | INFO | app | Upsert realizado com sucesso
2026-01-14 09:13:45,682 | INFO | app | Upsert realizado com sucesso
2026-01-14 09:13:45,762 | INFO | app | Upsert realizado com sucesso
2026-01-14 09:13:45,864 | INFO | app | Upsert realizado com sucesso
2026-01-14 09:13:45,939 | INFO | app | Upsert realizado com sucesso
2026-01-14 09:13:46,009 | INFO | app | Upsert realizado com sucesso
2026-01-14 09:13:46,084 | INFO | app | Upsert realizado com sucesso
2026-01-14 09:13:46,178 | INFO | app | Upsert realizado com sucesso
2026-01-14 09:13:46,261 | INFO | app | Upsert realizado com sucesso
2026-01-14 09:13:46,356 | INFO | app | Upsert realizado com sucesso
2026-01-14 09:13:46,446 | INFO | app | Upsert realizado com sucesso
2026-01-14 09:13:46,522 | INFO | app | Upsert realizado com sucesso
2026-01-14 09:13:46,597 | INFO | app | Upsert realizado com sucesso
2026-01-14 09:13:46,696 | INFO | app | Upsert realizado com sucesso
2026-01-14 09:13:46,787 | INFO | app | Upsert realizado com sucesso
2026-01-14 09:13:46,888 | INFO | app | Upsert realizado com sucesso
2026-01-14 09:13:46,959 | INFO | app | Upsert realizado com sucesso
2026-01-14 09:13:47,042 | INFO | app | Upsert realizado com sucesso
2026-01-14 09:13:47,133 | INFO | app | Upsert realizado com sucesso
2026-01-14 09:13:47,208 | INFO | app | Upsert realizado com sucesso
2026-01-14 09:13:47,303 | INFO | app | Upsert realizado com sucesso
2026-01-14 09:13:47,401 | INFO | app | Upsert realizado com sucesso
2026-01-14 09:13:47,481 | INFO | app | Upsert realizado com sucesso
2026-01-14 09:13:47,583 | INFO | app | Upsert realizado com sucesso
2026-01-14 09:13:47,661 | INFO | app | Upsert realizado com sucesso
2026-01-14 09:13:47,739 | INFO | app | Upsert realizado com sucesso
2026-01-14 09:13:47,812 | INFO | app | Upsert realizado com sucesso
2026-01-14 09:13:47,885 | INFO | app | Upsert realizado com sucesso
2026-01-14 09:13:47,957 | INFO | app | Upsert realizado com sucesso
2026-01-14 09:13:48,042 | INFO | app | Upsert realizado com sucesso
2026-01-14 09:13:48,120 | INFO | app | Upsert realizado com sucesso
2026-01-14 09:13:48,218 | INFO | app | Upsert realizado com sucesso
2026-01-14 09:13:48,295 | INFO | app | Upsert realizado com sucesso
2026-01-14 09:13:48,370 | INFO | app | Upsert realizado com sucesso
2026-01-14 09:13:48,443 | INFO | app | Upsert realizado com sucesso
2026-01-14 09:13:48,540 | INFO | app | Upsert realizado com sucesso
2026-01-14 09:13:48,615 | INFO | app | Upsert realizado com sucesso
2026-01-14 09:13:48,691 | INFO | app | Upsert realizado com sucesso
2026-01-14 09:13:48,793 | INFO | app | Upsert realizado com sucesso
2026-01-14 09:13:48,870 | INFO | app | Upsert realizado com sucesso
2026-01-14 09:13:48,949 | INFO | app | Upsert realizado com sucesso
2026-01-14 09:13:49,026 | INFO | app | Upsert realizado com sucesso
2026-01-14 09:13:49,106 | INFO | app | Upsert realizado com sucesso
2026-01-14 09:13:49,182 | INFO | app | Upsert realizado com sucesso
2026-01-14 09:13:49,264 | INFO | app | Upsert realizado com sucesso
2026-01-14 09:13:49,341 | INFO | app | Upsert realizado com sucesso
2026-01-14 09:13:49,422 | INFO | app | Upsert realizado com sucesso
2026-01-14 09:13:49,502 | INFO | app | Upsert realizado com sucesso
2026-01-14 09:13:49,577 | INFO | app | Upsert realizado com sucesso
2026-01-14 09:13:49,651 | INFO | app | Upsert realizado com sucesso
2026-01-14 09:13:49,745 | INFO | app | Upsert realizado com sucesso
2026-01-14 09:13:49,822 | INFO | app | Upsert realizado com sucesso
2026-01-14 09:13:49,909 | INFO | app | Upsert realizado com sucesso
2026-01-14 09:13:49,996 | INFO | app | Upsert realizado com sucesso
2026-01-14 09:13:50,088 | INFO | app | Upsert realizado com sucesso
2026-01-14 09:13:50,166 | INFO | app | Upsert realizado com sucesso
2026-01-14 09:13:50,250 | INFO | app | Upsert realizado com sucesso
2026-01-14 09:13:50,328 | INFO | app | Upsert realizado com sucesso
2026-01-14 09:13:50,412 | INFO | app | Upsert realizado com sucesso
2026-01-14 09:13:50,492 | INFO | app | Upsert realizado com sucesso
2026-01-14 09:13:50,565 | INFO | app | Upsert realizado com sucesso
2026-01-14 09:13:50,646 | INFO | app | Upsert realizado com sucesso
2026-01-14 09:13:50,779 | INFO | app | Upsert realizado com sucesso
2026-01-14 09:13:50,861 | INFO | app | Upsert realizado com sucesso
2026-01-14 09:13:50,940 | INFO | app | Upsert realizado com sucesso
2026-01-14 09:13:51,023 | INFO | app | Upsert realizado com sucesso
2026-01-14 09:13:51,099 | INFO | app | Upsert realizado com sucesso
2026-01-14 09:13:51,386 | INFO | app | Upsert realizado com sucesso
2026-01-14 09:13:51,486 | INFO | app | Upsert realizado com sucesso
2026-01-14 09:13:51,562 | INFO | app | Upsert realizado com sucesso
2026-01-14 09:13:51,644 | INFO | app | Upsert realizado com sucesso
2026-01-14 09:13:51,737 | INFO | app | Upsert realizado com sucesso
2026-01-14 09:13:51,828 | INFO | app | Upsert realizado com sucesso
2026-01-14 09:13:51,916 | INFO | app | Upsert realizado com sucesso
2026-01-14 09:13:52,011 | INFO | app | Upsert realizado com sucesso
2026-01-14 09:13:52,087 | INFO | app | Upsert realizado com sucesso
2026-01-14 09:13:52,163 | INFO | app | Upsert realizado com sucesso
2026-01-14 09:13:52,245 | INFO | app | Upsert realizado com sucesso
2026-01-14 09:13:52,348 | INFO | app | Upsert realizado com sucesso
2026-01-14 09:13:52,424 | INFO | app | Upsert realizado com sucesso
2026-01-14 09:13:52,501 | INFO | app | Upsert realizado com sucesso
2026-01-14 09:13:52,568 | INFO | app | Upsert realizado com sucesso
2026-01-14 09:13:52,661 | INFO | app | Upsert realizado com sucesso
2026-01-14 09:13:52,758 | INFO | app | Upsert realizado com sucesso
2026-01-14 09:13:52,837 | INFO | app | Upsert realizado com sucesso
2026-01-14 09:13:52,917 | INFO | app | Upsert realizado com sucesso
2026-01-14 09:13:53,008 | INFO | app | Upsert realizado com sucesso
2026-01-14 09:13:53,080 | INFO | app | Upsert realizado com sucesso
2026-01-14 09:13:53,158 | INFO | app | Upsert realizado com sucesso
2026-01-14 09:14:19,851 | INFO | app | Solicitação de impressão
2026-01-14 09:14:19,921 | INFO | app | Preparando impressão
2026-01-14 09:14:19,928 | INFO | app | Enviando ZPL para agente de impressão
2026-01-14 09:14:20,088 | INFO | app | Agente confirmou impressão
2026-01-14 09:14:20,090 | INFO | app | Impressão concluída com sucesso
2026-01-14 09:14:30,236 | INFO | app | Solicitação de impressão
2026-01-14 09:14:30,312 | INFO | app | Preparando impressão
2026-01-14 09:14:30,313 | INFO | app | Enviando ZPL para agente de impressão
2026-01-14 09:14:30,448 | INFO | app | Agente confirmou impressão
2026-01-14 09:14:30,448 | INFO | app | Impressão concluída com sucesso
2026-01-14 09:14:40,972 | INFO | app | Solicitação de impressão
2026-01-14 09:14:41,060 | INFO | app | Preparando impressão
2026-01-14 09:14:41,061 | INFO | app | Enviando ZPL para agente de impressão
2026-01-14 09:14:41,234 | INFO | app | Agente confirmou impressão
2026-01-14 09:14:41,235 | INFO | app | Impressão concluída com sucesso
2026-01-14 09:19:26,411 | INFO | app | Solicitação de impressão
2026-01-14 09:19:26,480 | INFO | app | Preparando impressão
2026-01-14 09:19:26,481 | INFO | app | Enviando ZPL para agente de impressão
2026-01-14 09:19:26,807 | INFO | app | Agente confirmou impressão
2026-01-14 09:19:26,808 | INFO | app | Impressão concluída com sucesso
2026-01-14 09:46:46,759 | INFO | app | Aplicação iniciada
2026-01-14 09:47:49,268 | INFO | app | Upsert realizado com sucesso
2026-01-14 09:47:49,351 | INFO | app | Upsert realizado com sucesso
2026-01-14 09:47:49,442 | INFO | app | Upsert realizado com sucesso
2026-01-14 09:47:49,531 | INFO | app | Upsert realizado com sucesso
2026-01-14 09:47:49,620 | INFO | app | Upsert realizado com sucesso
2026-01-14 09:47:49,700 | INFO | app | Upsert realizado com sucesso
2026-01-14 09:47:49,819 | INFO | app | Upsert realizado com sucesso
2026-01-14 09:47:49,913 | INFO | app | Upsert realizado com sucesso
2026-01-14 09:47:50,010 | INFO | app | Upsert realizado com sucesso
2026-01-14 09:47:50,108 | INFO | app | Upsert realizado com sucesso
2026-01-14 09:47:50,212 | INFO | app | Upsert realizado com sucesso
2026-01-14 09:47:50,303 | INFO | app | Upsert realizado com sucesso
2026-01-14 09:47:50,398 | INFO | app | Upsert realizado com sucesso
2026-01-14 09:47:50,484 | INFO | app | Upsert realizado com sucesso
2026-01-14 09:47:50,583 | INFO | app | Upsert realizado com sucesso
2026-01-14 09:47:50,672 | INFO | app | Upsert realizado com sucesso
2026-01-14 09:47:50,755 | INFO | app | Upsert realizado com sucesso
2026-01-14 09:47:50,857 | INFO | app | Upsert realizado com sucesso
2026-01-14 09:47:50,938 | INFO | app | Upsert realizado com sucesso
2026-01-14 09:47:51,017 | INFO | app | Upsert realizado com sucesso
2026-01-14 09:47:51,105 | INFO | app | Upsert realizado com sucesso
2026-01-14 09:47:51,188 | INFO | app | Upsert realizado com sucesso
2026-01-14 09:47:51,273 | INFO | app | Upsert realizado com sucesso
2026-01-14 09:47:51,353 | INFO | app | Upsert realizado com sucesso
2026-01-14 09:47:51,437 | INFO | app | Upsert realizado com sucesso
2026-01-14 09:47:51,524 | INFO | app | Upsert realizado com sucesso
2026-01-14 09:47:51,617 | INFO | app | Upsert realizado com sucesso
2026-01-14 09:47:51,701 | INFO | app | Upsert realizado com sucesso
2026-01-14 09:47:51,780 | INFO | app | Upsert realizado com sucesso
2026-01-14 09:47:51,883 | INFO | app | Upsert realizado com sucesso
2026-01-14 09:47:51,972 | INFO | app | Upsert realizado com sucesso
2026-01-14 09:47:52,057 | INFO | app | Upsert realizado com sucesso
2026-01-14 09:47:52,143 | INFO | app | Upsert realizado com sucesso
2026-01-14 09:47:52,230 | INFO | app | Upsert realizado com sucesso
2026-01-14 09:47:52,314 | INFO | app | Upsert realizado com sucesso
2026-01-14 09:47:52,420 | INFO | app | Upsert realizado com sucesso
2026-01-14 09:47:52,502 | INFO | app | Upsert realizado com sucesso
2026-01-14 09:47:52,592 | INFO | app | Upsert realizado com sucesso
2026-01-14 09:47:52,687 | INFO | app | Upsert realizado com sucesso
2026-01-14 09:47:52,768 | INFO | app | Upsert realizado com sucesso
2026-01-14 09:47:52,853 | INFO | app | Upsert realizado com sucesso
2026-01-14 09:47:52,937 | INFO | app | Upsert realizado com sucesso
2026-01-14 09:47:53,015 | INFO | app | Upsert realizado com sucesso
2026-01-14 09:47:53,094 | INFO | app | Upsert realizado com sucesso
2026-01-14 09:47:53,209 | INFO | app | Upsert realizado com sucesso
2026-01-14 09:47:53,315 | INFO | app | Upsert realizado com sucesso
2026-01-14 09:47:53,407 | INFO | app | Upsert realizado com sucesso
2026-01-14 09:47:53,503 | INFO | app | Upsert realizado com sucesso
2026-01-14 09:47:53,614 | INFO | app | Upsert realizado com sucesso
2026-01-14 09:47:53,696 | INFO | app | Upsert realizado com sucesso
2026-01-14 09:47:53,782 | INFO | app | Upsert realizado com sucesso
2026-01-14 09:47:53,869 | INFO | app | Upsert realizado com sucesso
2026-01-14 09:47:53,951 | INFO | app | Upsert realizado com sucesso
2026-01-14 09:47:54,041 | INFO | app | Upsert realizado com sucesso
2026-01-14 09:47:54,143 | INFO | app | Upsert realizado com sucesso
2026-01-14 09:47:54,227 | INFO | app | Upsert realizado com sucesso
2026-01-14 09:47:54,310 | INFO | app | Upsert realizado com sucesso
2026-01-14 09:47:54,397 | INFO | app | Upsert realizado com sucesso
2026-01-14 09:47:54,476 | INFO | app | Upsert realizado com sucesso
2026-01-14 09:47:54,558 | INFO | app | Upsert realizado com sucesso
2026-01-14 09:47:54,637 | INFO | app | Upsert realizado com sucesso
2026-01-14 09:47:54,749 | INFO | app | Upsert realizado com sucesso
2026-01-14 09:47:54,831 | INFO | app | Upsert realizado com sucesso
2026-01-14 09:47:54,921 | INFO | app | Upsert realizado com sucesso
2026-01-14 09:47:55,012 | INFO | app | Upsert realizado com sucesso
2026-01-14 09:47:55,094 | INFO | app | Upsert realizado com sucesso
2026-01-14 09:47:55,181 | INFO | app | Upsert realizado com sucesso
2026-01-14 09:47:55,264 | INFO | app | Upsert realizado com sucesso
2026-01-14 09:47:55,355 | INFO | app | Upsert realizado com sucesso
2026-01-14 09:47:55,448 | INFO | app | Upsert realizado com sucesso
2026-01-14 09:47:55,551 | INFO | app | Upsert realizado com sucesso
2026-01-14 09:47:55,643 | INFO | app | Upsert realizado com sucesso
2026-01-14 09:47:55,732 | INFO | app | Upsert realizado com sucesso
2026-01-14 09:47:55,825 | INFO | app | Upsert realizado com sucesso
2026-01-14 09:47:55,909 | INFO | app | Upsert realizado com sucesso
2026-01-14 09:47:55,995 | INFO | app | Upsert realizado com sucesso
2026-01-14 09:47:56,079 | INFO | app | Upsert realizado com sucesso
2026-01-14 09:47:56,162 | INFO | app | Upsert realizado com sucesso
2026-01-14 09:47:56,247 | INFO | app | Upsert realizado com sucesso
2026-01-14 09:47:56,346 | INFO | app | Upsert realizado com sucesso
2026-01-14 09:47:56,432 | INFO | app | Upsert realizado com sucesso
2026-01-14 09:47:56,537 | INFO | app | Upsert realizado com sucesso
2026-01-14 09:47:56,618 | INFO | app | Upsert realizado com sucesso
2026-01-14 09:47:56,708 | INFO | app | Upsert realizado com sucesso
2026-01-14 09:47:56,792 | INFO | app | Upsert realizado com sucesso
2026-01-14 09:47:56,893 | INFO | app | Upsert realizado com sucesso
2026-01-14 09:47:56,980 | INFO | app | Upsert realizado com sucesso
2026-01-14 09:47:57,061 | INFO | app | Upsert realizado com sucesso
2026-01-14 09:47:57,142 | INFO | app | Upsert realizado com sucesso
2026-01-14 09:47:57,438 | INFO | app | Upsert realizado com sucesso
2026-01-14 09:47:57,538 | INFO | app | Upsert realizado com sucesso
2026-01-14 09:47:57,622 | INFO | app | Upsert realizado com sucesso
2026-01-14 09:47:57,702 | INFO | app | Upsert realizado com sucesso
2026-01-14 09:47:57,784 | INFO | app | Upsert realizado com sucesso
2026-01-14 09:47:57,864 | INFO | app | Upsert realizado com sucesso
2026-01-14 09:47:57,943 | INFO | app | Upsert realizado com sucesso
2026-01-14 09:47:58,024 | INFO | app | Upsert realizado com sucesso
2026-01-14 09:47:58,106 | INFO | app | Upsert realizado com sucesso
2026-01-14 09:47:58,197 | INFO | app | Upsert realizado com sucesso
2026-01-14 09:47:58,284 | INFO | app | Upsert realizado com sucesso
2026-01-14 09:47:58,367 | INFO | app | Upsert realizado com sucesso
2026-01-14 09:47:58,494 | INFO | app | Upsert realizado com sucesso
2026-01-14 09:47:58,580 | INFO | app | Upsert realizado com sucesso
2026-01-14 09:47:58,667 | INFO | app | Upsert realizado com sucesso
2026-01-14 09:47:58,749 | INFO | app | Upsert realizado com sucesso
2026-01-14 09:47:58,840 | INFO | app | Upsert realizado com sucesso
2026-01-14 09:47:58,938 | INFO | app | Upsert realizado com sucesso
2026-01-14 09:47:59,051 | INFO | app | Upsert realizado com sucesso
2026-01-14 09:47:59,139 | INFO | app | Upsert realizado com sucesso
2026-01-14 09:47:59,227 | INFO | app | Upsert realizado com sucesso
2026-01-14 09:47:59,311 | INFO | app | Upsert realizado com sucesso
2026-01-14 09:47:59,409 | INFO | app | Upsert realizado com sucesso
2026-01-14 09:47:59,512 | INFO | app | Upsert realizado com sucesso
2026-01-14 09:47:59,620 | INFO | app | Upsert realizado com sucesso
2026-01-14 09:47:59,706 | INFO | app | Upsert realizado com sucesso
2026-01-14 09:47:59,800 | INFO | app | Upsert realizado com sucesso
2026-01-14 09:47:59,881 | INFO | app | Upsert realizado com sucesso
2026-01-14 09:47:59,966 | INFO | app | Upsert realizado com sucesso
2026-01-14 09:48:00,067 | INFO | app | Upsert realizado com sucesso
2026-01-14 09:48:00,155 | INFO | app | Upsert realizado com sucesso
2026-01-14 09:48:00,240 | INFO | app | Upsert realizado com sucesso
2026-01-14 09:48:00,322 | INFO | app | Upsert realizado com sucesso
2026-01-14 09:48:00,444 | INFO | app | Upsert realizado com sucesso
2026-01-14 09:48:00,534 | INFO | app | Upsert realizado com sucesso
2026-01-14 09:48:00,619 | INFO | app | Upsert realizado com sucesso
2026-01-14 09:48:00,725 | INFO | app | Upsert realizado com sucesso
2026-01-14 09:48:00,815 | INFO | app | Upsert realizado com sucesso
2026-01-14 09:48:00,899 | INFO | app | Upsert realizado com sucesso
2026-01-14 09:48:00,987 | INFO | app | Upsert realizado com sucesso
2026-01-14 09:48:01,068 | INFO | app | Upsert realizado com sucesso
2026-01-14 09:48:01,155 | INFO | app | Upsert realizado com sucesso
2026-01-14 09:48:01,244 | INFO | app | Upsert realizado com sucesso
2026-01-14 09:48:01,353 | INFO | app | Upsert realizado com sucesso
2026-01-14 09:48:01,443 | INFO | app | Upsert realizado com sucesso
2026-01-14 09:48:01,550 | INFO | app | Upsert realizado com sucesso
2026-01-14 09:48:01,630 | INFO | app | Upsert realizado com sucesso
2026-01-14 09:48:01,736 | INFO | app | Upsert realizado com sucesso
2026-01-14 09:48:01,818 | INFO | app | Upsert realizado com sucesso
2026-01-14 09:48:01,911 | INFO | app | Upsert realizado com sucesso
2026-01-14 09:48:02,015 | INFO | app | Upsert realizado com sucesso
2026-01-14 09:48:02,123 | INFO | app | Upsert realizado com sucesso
2026-01-14 09:48:02,207 | INFO | app | Upsert realizado com sucesso
2026-01-14 09:48:02,292 | INFO | app | Upsert realizado com sucesso
2026-01-14 09:48:02,378 | INFO | app | Upsert realizado com sucesso
2026-01-14 09:48:02,464 | INFO | app | Upsert realizado com sucesso
2026-01-14 09:48:02,569 | INFO | app | Upsert realizado com sucesso
2026-01-14 09:48:02,654 | INFO | app | Upsert realizado com sucesso
2026-01-14 09:48:02,746 | INFO | app | Upsert realizado com sucesso
2026-01-14 09:48:02,855 | INFO | app | Upsert realizado com sucesso
2026-01-14 09:48:02,941 | INFO | app | Upsert realizado com sucesso
2026-01-14 09:48:03,304 | INFO | app | Upsert realizado com sucesso
2026-01-14 09:48:03,464 | INFO | app | Upsert realizado com sucesso
2026-01-14 09:48:03,577 | INFO | app | Upsert realizado com sucesso
2026-01-14 09:48:03,718 | INFO | app | Upsert realizado com sucesso
2026-01-14 09:48:03,826 | INFO | app | Upsert realizado com sucesso
2026-01-14 09:48:03,933 | INFO | app | Upsert realizado com sucesso
2026-01-14 09:48:04,031 | INFO | app | Upsert realizado com sucesso
2026-01-14 09:48:04,112 | INFO | app | Upsert realizado com sucesso
2026-01-14 09:48:04,196 | INFO | app | Upsert realizado com sucesso
2026-01-14 09:48:04,291 | INFO | app | Upsert realizado com sucesso
2026-01-14 09:48:04,377 | INFO | app | Upsert realizado com sucesso
2026-01-14 09:48:04,462 | INFO | app | Upsert realizado com sucesso
2026-01-14 09:48:04,569 | INFO | app | Upsert realizado com sucesso
2026-01-14 09:48:04,693 | INFO | app | Upsert realizado com sucesso
2026-01-14 09:48:04,780 | INFO | app | Upsert realizado com sucesso
2026-01-14 09:48:04,880 | INFO | app | Upsert realizado com sucesso
2026-01-14 09:48:04,967 | INFO | app | Upsert realizado com sucesso
2026-01-14 09:48:05,267 | INFO | app | Upsert realizado com sucesso
2026-01-14 09:48:05,348 | INFO | app | Upsert realizado com sucesso
2026-01-14 09:48:05,663 | INFO | app | Upsert realizado com sucesso
2026-01-14 09:48:05,743 | INFO | app | Upsert realizado com sucesso
2026-01-14 09:48:05,826 | INFO | app | Upsert realizado com sucesso
2026-01-14 09:48:05,911 | INFO | app | Upsert realizado com sucesso
2026-01-14 09:48:05,993 | INFO | app | Upsert realizado com sucesso
2026-01-14 09:48:06,076 | INFO | app | Upsert realizado com sucesso
2026-01-14 09:48:06,160 | INFO | app | Upsert realizado com sucesso
2026-01-14 09:48:06,256 | INFO | app | Upsert realizado com sucesso
2026-01-14 09:48:06,341 | INFO | app | Upsert realizado com sucesso
2026-01-14 09:48:06,430 | INFO | app | Upsert realizado com sucesso
2026-01-14 09:48:06,508 | INFO | app | Upsert realizado com sucesso
2026-01-14 09:48:06,599 | INFO | app | Upsert realizado com sucesso
2026-01-14 09:48:06,676 | INFO | app | Upsert realizado com sucesso
2026-01-14 09:48:06,760 | INFO | app | Upsert realizado com sucesso
2026-01-14 09:48:06,847 | INFO | app | Upsert realizado com sucesso
2026-01-14 09:48:06,931 | INFO | app | Upsert realizado com sucesso
2026-01-14 09:48:07,029 | INFO | app | Upsert realizado com sucesso
2026-01-14 09:48:07,125 | INFO | app | Upsert realizado com sucesso
2026-01-14 09:48:07,210 | INFO | app | Upsert realizado com sucesso
2026-01-14 09:48:07,293 | INFO | app | Upsert realizado com sucesso
2026-01-14 09:48:07,378 | INFO | app | Upsert realizado com sucesso
2026-01-14 09:48:07,458 | INFO | app | Upsert realizado com sucesso
2026-01-14 09:48:07,541 | INFO | app | Upsert realizado com sucesso
2026-01-14 09:48:07,622 | INFO | app | Upsert realizado com sucesso
2026-01-14 09:48:07,704 | INFO | app | Upsert realizado com sucesso
2026-01-14 09:48:07,782 | INFO | app | Upsert realizado com sucesso
2026-01-14 09:48:07,884 | INFO | app | Upsert realizado com sucesso
2026-01-14 09:48:07,966 | INFO | app | Upsert realizado com sucesso
2026-01-14 09:48:08,051 | INFO | app | Upsert realizado com sucesso
2026-01-14 09:48:08,151 | INFO | app | Upsert realizado com sucesso
2026-01-14 09:48:08,235 | INFO | app | Upsert realizado com sucesso
2026-01-14 09:48:08,318 | INFO | app | Upsert realizado com sucesso
2026-01-14 09:48:08,403 | INFO | app | Upsert realizado com sucesso
2026-01-14 09:48:08,484 | INFO | app | Upsert realizado com sucesso
2026-01-14 09:48:08,566 | INFO | app | Upsert realizado com sucesso
2026-01-14 09:48:08,679 | INFO | app | Upsert realizado com sucesso
2026-01-14 09:48:08,764 | INFO | app | Upsert realizado com sucesso
2026-01-14 09:48:08,847 | INFO | app | Upsert realizado com sucesso
2026-01-14 09:48:08,952 | INFO | app | Upsert realizado com sucesso
2026-01-14 09:48:09,042 | INFO | app | Upsert realizado com sucesso
2026-01-14 09:48:09,127 | INFO | app | Upsert realizado com sucesso
2026-01-14 09:48:09,213 | INFO | app | Upsert realizado com sucesso
2026-01-14 09:48:09,297 | INFO | app | Upsert realizado com sucesso
2026-01-14 09:48:09,411 | INFO | app | Upsert realizado com sucesso
2026-01-14 09:48:09,490 | INFO | app | Upsert realizado com sucesso
2026-01-14 09:48:09,573 | INFO | app | Upsert realizado com sucesso
2026-01-14 09:48:09,666 | INFO | app | Upsert realizado com sucesso
2026-01-14 09:48:09,745 | INFO | app | Upsert realizado com sucesso
2026-01-14 09:48:09,829 | INFO | app | Upsert realizado com sucesso
2026-01-14 09:48:09,915 | INFO | app | Upsert realizado com sucesso
2026-01-14 09:48:10,011 | INFO | app | Upsert realizado com sucesso
2026-01-14 09:48:10,096 | INFO | app | Upsert realizado com sucesso
2026-01-14 09:48:10,182 | INFO | app | Upsert realizado com sucesso
2026-01-14 09:48:10,271 | INFO | app | Upsert realizado com sucesso
2026-01-14 09:48:10,356 | INFO | app | Upsert realizado com sucesso
2026-01-14 09:48:10,439 | INFO | app | Upsert realizado com sucesso
2026-01-14 09:48:10,523 | INFO | app | Upsert realizado com sucesso
2026-01-14 09:48:10,612 | INFO | app | Upsert realizado com sucesso
2026-01-14 09:48:10,784 | INFO | app | Upsert realizado com sucesso
2026-01-14 09:48:10,869 | INFO | app | Upsert realizado com sucesso
2026-01-14 09:48:10,956 | INFO | app | Upsert realizado com sucesso
2026-01-14 09:48:11,045 | INFO | app | Upsert realizado com sucesso
2026-01-14 09:48:11,128 | INFO | app | Upsert realizado com sucesso
2026-01-14 09:48:11,211 | INFO | app | Upsert realizado com sucesso
2026-01-14 09:48:11,321 | INFO | app | Upsert realizado com sucesso
2026-01-14 09:48:11,402 | INFO | app | Upsert realizado com sucesso
2026-01-14 09:48:11,485 | INFO | app | Upsert realizado com sucesso
2026-01-14 09:48:11,568 | INFO | app | Upsert realizado com sucesso
2026-01-14 09:48:11,666 | INFO | app | Upsert realizado com sucesso
2026-01-14 09:48:11,744 | INFO | app | Upsert realizado com sucesso
2026-01-14 09:48:11,856 | INFO | app | Upsert realizado com sucesso
2026-01-14 09:48:11,945 | INFO | app | Upsert realizado com sucesso
2026-01-14 09:48:12,053 | INFO | app | Upsert realizado com sucesso
2026-01-14 09:48:12,144 | INFO | app | Upsert realizado com sucesso
2026-01-14 09:48:12,229 | INFO | app | Upsert realizado com sucesso
2026-01-14 09:48:12,311 | INFO | app | Upsert realizado com sucesso
2026-01-14 09:48:12,395 | INFO | app | Upsert realizado com sucesso
2026-01-14 09:48:12,492 | INFO | app | Upsert realizado com sucesso
2026-01-14 09:48:12,577 | INFO | app | Upsert realizado com sucesso
2026-01-14 09:48:12,661 | INFO | app | Upsert realizado com sucesso
2026-01-14 09:48:12,766 | INFO | app | Upsert realizado com sucesso
2026-01-14 09:48:12,855 | INFO | app | Upsert realizado com sucesso
2026-01-14 09:48:12,941 | INFO | app | Upsert realizado com sucesso
2026-01-14 09:48:13,020 | INFO | app | Upsert realizado com sucesso
2026-01-14 09:48:13,102 | INFO | app | Upsert realizado com sucesso
2026-01-14 09:48:13,187 | INFO | app | Upsert realizado com sucesso
2026-01-14 09:48:13,277 | INFO | app | Upsert realizado com sucesso
2026-01-14 09:48:13,383 | INFO | app | Upsert realizado com sucesso
2026-01-14 09:48:13,466 | INFO | app | Upsert realizado com sucesso
2026-01-14 09:48:13,569 | INFO | app | Upsert realizado com sucesso
2026-01-14 09:48:13,659 | INFO | app | Upsert realizado com sucesso
2026-01-14 09:48:13,748 | INFO | app | Upsert realizado com sucesso
2026-01-14 09:48:13,827 | INFO | app | Upsert realizado com sucesso
2026-01-14 09:48:13,907 | INFO | app | Upsert realizado com sucesso
2026-01-14 09:48:14,013 | INFO | app | Upsert realizado com sucesso
2026-01-14 09:48:14,095 | INFO | app | Upsert realizado com sucesso
2026-01-14 09:48:14,205 | INFO | app | Upsert realizado com sucesso
2026-01-14 09:48:14,292 | INFO | app | Upsert realizado com sucesso
2026-01-14 09:48:14,376 | INFO | app | Upsert realizado com sucesso
2026-01-14 09:48:14,461 | INFO | app | Upsert realizado com sucesso
2026-01-14 09:48:14,542 | INFO | app | Upsert realizado com sucesso
2026-01-14 09:48:14,635 | INFO | app | Upsert realizado com sucesso
2026-01-14 09:48:14,723 | INFO | app | Upsert realizado com sucesso
2026-01-14 09:48:14,810 | INFO | app | Upsert realizado com sucesso
2026-01-14 09:48:14,937 | INFO | app | Upsert realizado com sucesso
2026-01-14 09:48:15,027 | INFO | app | Upsert realizado com sucesso
2026-01-14 09:48:15,115 | INFO | app | Upsert realizado com sucesso
2026-01-14 09:48:15,203 | INFO | app | Upsert realizado com sucesso
2026-01-14 09:48:15,288 | INFO | app | Upsert realizado com sucesso
2026-01-14 09:48:15,374 | INFO | app | Upsert realizado com sucesso
2026-01-14 09:48:15,457 | INFO | app | Upsert realizado com sucesso
2026-01-14 09:48:15,550 | INFO | app | Upsert realizado com sucesso
2026-01-14 09:48:15,657 | INFO | app | Upsert realizado com sucesso
2026-01-14 09:48:15,745 | INFO | app | Upsert realizado com sucesso
2026-01-14 09:48:15,829 | INFO | app | Upsert realizado com sucesso
2026-01-14 09:48:15,918 | INFO | app | Upsert realizado com sucesso
2026-01-14 09:48:16,000 | INFO | app | Upsert realizado com sucesso
2026-01-14 09:48:16,089 | INFO | app | Upsert realizado com sucesso
2026-01-14 09:48:16,203 | INFO | app | Upsert realizado com sucesso
2026-01-14 09:48:16,288 | INFO | app | Upsert realizado com sucesso
2026-01-14 09:48:16,406 | INFO | app | Upsert realizado com sucesso
2026-01-14 09:48:16,494 | INFO | app | Upsert realizado com sucesso
2026-01-14 09:48:16,587 | INFO | app | Upsert realizado com sucesso
2026-01-14 09:48:16,692 | INFO | app | Upsert realizado com sucesso
2026-01-14 09:48:16,788 | INFO | app | Upsert realizado com sucesso
2026-01-14 09:48:17,087 | INFO | app | Upsert realizado com sucesso
2026-01-14 09:48:17,197 | INFO | app | Upsert realizado com sucesso
2026-01-14 09:48:17,284 | INFO | app | Upsert realizado com sucesso
2026-01-14 09:48:17,370 | INFO | app | Upsert realizado com sucesso
2026-01-14 09:48:17,454 | INFO | app | Upsert realizado com sucesso
2026-01-14 09:48:17,541 | INFO | app | Upsert realizado com sucesso
2026-01-14 09:48:17,627 | INFO | app | Upsert realizado com sucesso
2026-01-14 09:48:17,713 | INFO | app | Upsert realizado com sucesso
2026-01-14 09:48:17,796 | INFO | app | Upsert realizado com sucesso
2026-01-14 09:48:17,880 | INFO | app | Upsert realizado com sucesso
2026-01-14 09:48:17,964 | INFO | app | Upsert realizado com sucesso
2026-01-14 09:48:18,052 | INFO | app | Upsert realizado com sucesso
2026-01-14 09:48:18,352 | INFO | app | Upsert realizado com sucesso
2026-01-14 09:48:18,428 | INFO | app | Upsert realizado com sucesso
2026-01-14 09:48:18,511 | INFO | app | Upsert realizado com sucesso
2026-01-14 09:48:18,595 | INFO | app | Upsert realizado com sucesso
2026-01-14 09:48:18,681 | INFO | app | Upsert realizado com sucesso
2026-01-14 09:48:18,785 | INFO | app | Upsert realizado com sucesso
2026-01-14 09:48:18,875 | INFO | app | Upsert realizado com sucesso
2026-01-14 09:48:19,019 | INFO | app | Upsert realizado com sucesso
2026-01-14 09:48:19,459 | INFO | app | Upsert realizado com sucesso
2026-01-14 09:48:19,593 | INFO | app | Upsert realizado com sucesso
2026-01-14 09:48:19,685 | INFO | app | Upsert realizado com sucesso
2026-01-14 09:48:19,770 | INFO | app | Upsert realizado com sucesso
2026-01-14 09:48:19,864 | INFO | app | Upsert realizado com sucesso
2026-01-14 09:48:19,950 | INFO | app | Upsert realizado com sucesso
2026-01-14 09:48:20,032 | INFO | app | Upsert realizado com sucesso
2026-01-14 09:48:20,111 | INFO | app | Upsert realizado com sucesso
2026-01-14 09:48:20,212 | INFO | app | Upsert realizado com sucesso
2026-01-14 09:48:20,290 | INFO | app | Upsert realizado com sucesso
2026-01-14 09:48:20,368 | INFO | app | Upsert realizado com sucesso
2026-01-14 09:48:20,451 | INFO | app | Upsert realizado com sucesso
2026-01-14 09:48:20,543 | INFO | app | Upsert realizado com sucesso
2026-01-14 09:48:20,648 | INFO | app | Upsert realizado com sucesso
2026-01-14 09:48:20,733 | INFO | app | Upsert realizado com sucesso
2026-01-14 09:48:20,819 | INFO | app | Upsert realizado com sucesso
2026-01-14 09:48:20,902 | INFO | app | Upsert realizado com sucesso
2026-01-14 09:48:20,993 | INFO | app | Upsert realizado com sucesso
2026-01-14 09:48:21,078 | INFO | app | Upsert realizado com sucesso
2026-01-14 09:48:21,160 | INFO | app | Upsert realizado com sucesso
2026-01-14 09:48:21,244 | INFO | app | Upsert realizado com sucesso
2026-01-14 09:48:21,323 | INFO | app | Upsert realizado com sucesso
2026-01-14 09:48:21,406 | INFO | app | Upsert realizado com sucesso
2026-01-14 09:48:21,485 | INFO | app | Upsert realizado com sucesso
2026-01-14 09:48:21,569 | INFO | app | Upsert realizado com sucesso
2026-01-14 09:48:21,656 | INFO | app | Upsert realizado com sucesso
2026-01-14 09:48:21,740 | INFO | app | Upsert realizado com sucesso
2026-01-14 09:48:21,824 | INFO | app | Upsert realizado com sucesso
2026-01-14 09:48:21,909 | INFO | app | Upsert realizado com sucesso
2026-01-14 09:48:22,029 | INFO | app | Upsert realizado com sucesso
2026-01-14 09:48:22,110 | INFO | app | Upsert realizado com sucesso
2026-01-14 09:48:22,195 | INFO | app | Upsert realizado com sucesso
2026-01-14 09:48:22,293 | INFO | app | Upsert realizado com sucesso
2026-01-14 09:48:22,400 | INFO | app | Upsert realizado com sucesso
2026-01-14 09:48:22,484 | INFO | app | Upsert realizado com sucesso
2026-01-14 09:48:22,573 | INFO | app | Upsert realizado com sucesso
2026-01-14 09:48:22,676 | INFO | app | Upsert realizado com sucesso
2026-01-14 09:48:22,764 | INFO | app | Upsert realizado com sucesso
2026-01-14 09:48:22,848 | INFO | app | Upsert realizado com sucesso
2026-01-14 09:48:22,946 | INFO | app | Upsert realizado com sucesso
2026-01-14 09:48:23,032 | INFO | app | Upsert realizado com sucesso
2026-01-14 09:48:23,111 | INFO | app | Upsert realizado com sucesso
2026-01-14 09:48:23,200 | INFO | app | Upsert realizado com sucesso
2026-01-14 09:48:23,289 | INFO | app | Upsert realizado com sucesso
2026-01-14 09:48:23,370 | INFO | app | Upsert realizado com sucesso
2026-01-14 09:48:23,448 | INFO | app | Upsert realizado com sucesso
2026-01-14 09:48:23,537 | INFO | app | Upsert realizado com sucesso
2026-01-14 09:48:23,620 | INFO | app | Upsert realizado com sucesso
2026-01-14 09:48:23,730 | INFO | app | Upsert realizado com sucesso
2026-01-14 09:48:23,835 | INFO | app | Upsert realizado com sucesso
2026-01-14 09:48:23,917 | INFO | app | Upsert realizado com sucesso
2026-01-14 09:48:24,021 | INFO | app | Upsert realizado com sucesso
2026-01-14 09:48:24,124 | INFO | app | Upsert realizado com sucesso
2026-01-14 09:48:24,213 | INFO | app | Upsert realizado com sucesso
2026-01-14 09:48:24,296 | INFO | app | Upsert realizado com sucesso
2026-01-14 09:48:24,376 | INFO | app | Upsert realizado com sucesso
2026-01-14 09:48:24,460 | INFO | app | Upsert realizado com sucesso
2026-01-14 09:48:24,563 | INFO | app | Upsert realizado com sucesso
2026-01-14 09:48:24,647 | INFO | app | Upsert realizado com sucesso
2026-01-14 09:48:24,726 | INFO | app | Upsert realizado com sucesso
2026-01-14 09:48:24,829 | INFO | app | Upsert realizado com sucesso
2026-01-14 09:48:24,937 | INFO | app | Upsert realizado com sucesso
2026-01-14 09:48:25,026 | INFO | app | Upsert realizado com sucesso
2026-01-14 09:48:25,102 | INFO | app | Upsert realizado com sucesso
2026-01-14 09:48:25,187 | INFO | app | Upsert realizado com sucesso
2026-01-14 09:48:25,274 | INFO | app | Upsert realizado com sucesso
2026-01-14 09:48:25,354 | INFO | app | Upsert realizado com sucesso
2026-01-14 09:48:25,440 | INFO | app | Upsert realizado com sucesso
2026-01-14 09:48:25,522 | INFO | app | Upsert realizado com sucesso
2026-01-14 09:48:25,601 | INFO | app | Upsert realizado com sucesso
2026-01-14 09:48:25,928 | INFO | app | Upsert realizado com sucesso
2026-01-14 09:48:26,009 | INFO | app | Upsert realizado com sucesso
2026-01-14 09:48:26,110 | INFO | app | Upsert realizado com sucesso
2026-01-14 09:48:26,200 | INFO | app | Upsert realizado com sucesso
2026-01-14 09:48:26,284 | INFO | app | Upsert realizado com sucesso
2026-01-14 09:48:26,370 | INFO | app | Upsert realizado com sucesso
2026-01-14 09:48:26,459 | INFO | app | Upsert realizado com sucesso
2026-01-14 09:48:26,545 | INFO | app | Upsert realizado com sucesso
2026-01-14 09:48:26,637 | INFO | app | Upsert realizado com sucesso
2026-01-14 09:48:26,727 | INFO | app | Upsert realizado com sucesso
2026-01-14 09:48:26,822 | INFO | app | Upsert realizado com sucesso
2026-01-14 09:48:26,922 | INFO | app | Upsert realizado com sucesso
2026-01-14 09:48:27,016 | INFO | app | Upsert realizado com sucesso
2026-01-14 09:48:27,100 | INFO | app | Upsert realizado com sucesso
2026-01-14 09:48:27,185 | INFO | app | Upsert realizado com sucesso
2026-01-14 09:48:27,268 | INFO | app | Upsert realizado com sucesso
2026-01-14 09:48:27,346 | INFO | app | Upsert realizado com sucesso
2026-01-14 09:48:27,444 | INFO | app | Upsert realizado com sucesso
2026-01-14 09:48:27,533 | INFO | app | Upsert realizado com sucesso
2026-01-14 09:48:27,637 | INFO | app | Upsert realizado com sucesso
2026-01-14 09:48:27,730 | INFO | app | Upsert realizado com sucesso
2026-01-14 09:48:27,820 | INFO | app | Upsert realizado com sucesso
2026-01-14 09:48:27,906 | INFO | app | Upsert realizado com sucesso
2026-01-14 09:48:27,986 | INFO | app | Upsert realizado com sucesso
2026-01-14 09:48:28,078 | INFO | app | Upsert realizado com sucesso
2026-01-14 09:48:28,182 | INFO | app | Upsert realizado com sucesso
2026-01-14 09:48:28,276 | INFO | app | Upsert realizado com sucesso
2026-01-14 09:48:28,361 | INFO | app | Upsert realizado com sucesso
2026-01-14 09:48:28,445 | INFO | app | Upsert realizado com sucesso
2026-01-14 09:48:28,529 | INFO | app | Upsert realizado com sucesso
2026-01-14 09:48:28,628 | INFO | app | Upsert realizado com sucesso
2026-01-14 09:48:28,738 | INFO | app | Upsert realizado com sucesso
2026-01-14 09:48:28,824 | INFO | app | Upsert realizado com sucesso
2026-01-14 09:48:28,907 | INFO | app | Upsert realizado com sucesso
2026-01-14 09:48:28,987 | INFO | app | Upsert realizado com sucesso
2026-01-14 09:48:29,095 | INFO | app | Upsert realizado com sucesso
2026-01-14 09:48:29,192 | INFO | app | Upsert realizado com sucesso
2026-01-14 09:48:29,273 | INFO | app | Upsert realizado com sucesso
2026-01-14 09:48:29,376 | INFO | app | Upsert realizado com sucesso
2026-01-14 09:48:29,456 | INFO | app | Upsert realizado com sucesso
2026-01-14 09:48:29,539 | INFO | app | Upsert realizado com sucesso
2026-01-14 09:48:29,620 | INFO | app | Upsert realizado com sucesso
2026-01-14 09:48:29,710 | INFO | app | Upsert realizado com sucesso
2026-01-14 09:48:29,795 | INFO | app | Upsert realizado com sucesso
2026-01-14 09:48:29,888 | INFO | app | Upsert realizado com sucesso
2026-01-14 09:48:30,004 | INFO | app | Upsert realizado com sucesso
2026-01-14 09:48:30,098 | INFO | app | Upsert realizado com sucesso
2026-01-14 09:48:30,196 | INFO | app | Upsert realizado com sucesso
2026-01-14 09:48:30,282 | INFO | app | Upsert realizado com sucesso
2026-01-14 09:48:30,371 | INFO | app | Upsert realizado com sucesso
2026-01-14 09:48:30,457 | INFO | app | Upsert realizado com sucesso
2026-01-14 09:48:30,544 | INFO | app | Upsert realizado com sucesso
2026-01-14 09:48:30,654 | INFO | app | Upsert realizado com sucesso
2026-01-14 09:48:30,750 | INFO | app | Upsert realizado com sucesso
2026-01-14 09:48:30,850 | INFO | app | Upsert realizado com sucesso
2026-01-14 09:48:30,938 | INFO | app | Upsert realizado com sucesso
2026-01-14 09:48:31,027 | INFO | app | Upsert realizado com sucesso
2026-01-14 09:48:31,112 | INFO | app | Upsert realizado com sucesso
2026-01-14 09:48:31,196 | INFO | app | Upsert realizado com sucesso
2026-01-14 09:48:31,301 | INFO | app | Upsert realizado com sucesso
2026-01-14 09:48:31,389 | INFO | app | Upsert realizado com sucesso
2026-01-14 09:48:31,480 | INFO | app | Upsert realizado com sucesso
2026-01-14 09:48:31,585 | INFO | app | Upsert realizado com sucesso
2026-01-14 09:48:31,696 | INFO | app | Upsert realizado com sucesso
2026-01-14 09:48:31,799 | INFO | app | Upsert realizado com sucesso
2026-01-14 09:48:31,879 | INFO | app | Upsert realizado com sucesso
2026-01-14 09:48:31,985 | INFO | app | Upsert realizado com sucesso
2026-01-14 09:48:33,106 | INFO | app | Upsert realizado com sucesso
2026-01-14 09:48:33,186 | INFO | app | Upsert realizado com sucesso
2026-01-14 09:48:33,270 | INFO | app | Upsert realizado com sucesso
2026-01-14 09:48:33,358 | INFO | app | Upsert realizado com sucesso
2026-01-14 09:48:33,440 | INFO | app | Upsert realizado com sucesso
2026-01-14 09:48:33,525 | INFO | app | Upsert realizado com sucesso
2026-01-14 09:48:33,835 | INFO | app | Upsert realizado com sucesso
2026-01-14 09:48:33,917 | INFO | app | Upsert realizado com sucesso
2026-01-14 09:48:33,999 | INFO | app | Upsert realizado com sucesso
2026-01-14 09:48:34,096 | INFO | app | Upsert realizado com sucesso
2026-01-14 09:48:34,186 | INFO | app | Upsert realizado com sucesso
2026-01-14 09:48:34,282 | INFO | app | Upsert realizado com sucesso
2026-01-14 09:48:34,371 | INFO | app | Upsert realizado com sucesso
2026-01-14 09:48:34,451 | INFO | app | Upsert realizado com sucesso
2026-01-14 09:48:34,539 | INFO | app | Upsert realizado com sucesso
2026-01-14 09:48:34,631 | INFO | app | Upsert realizado com sucesso
2026-01-14 09:48:34,718 | INFO | app | Upsert realizado com sucesso
2026-01-14 09:48:34,802 | INFO | app | Upsert realizado com sucesso
2026-01-14 09:48:34,903 | INFO | app | Upsert realizado com sucesso
2026-01-14 09:48:35,033 | INFO | app | Upsert realizado com sucesso
2026-01-14 09:48:35,449 | INFO | app | Upsert realizado com sucesso
2026-01-14 09:48:35,592 | INFO | app | Upsert realizado com sucesso
2026-01-14 09:48:35,706 | INFO | app | Upsert realizado com sucesso
2026-01-14 09:48:35,794 | INFO | app | Upsert realizado com sucesso
2026-01-14 09:48:35,877 | INFO | app | Upsert realizado com sucesso
2026-01-14 09:48:35,965 | INFO | app | Upsert realizado com sucesso
2026-01-14 09:48:36,047 | INFO | app | Upsert realizado com sucesso
2026-01-14 09:48:36,133 | INFO | app | Upsert realizado com sucesso
2026-01-14 09:48:36,245 | INFO | app | Upsert realizado com sucesso
2026-01-14 09:48:36,353 | INFO | app | Upsert realizado com sucesso
2026-01-14 09:48:36,443 | INFO | app | Upsert realizado com sucesso
2026-01-14 09:48:36,527 | INFO | app | Upsert realizado com sucesso
2026-01-14 09:48:36,631 | INFO | app | Upsert realizado com sucesso
2026-01-14 09:48:36,723 | INFO | app | Upsert realizado com sucesso
2026-01-14 09:48:36,848 | INFO | app | Upsert realizado com sucesso
2026-01-14 09:48:36,943 | INFO | app | Upsert realizado com sucesso
2026-01-14 09:48:37,027 | INFO | app | Upsert realizado com sucesso
2026-01-14 09:48:37,112 | INFO | app | Upsert realizado com sucesso
2026-01-14 09:48:37,192 | INFO | app | Upsert realizado com sucesso
2026-01-14 09:48:37,274 | INFO | app | Upsert realizado com sucesso
2026-01-14 09:48:37,361 | INFO | app | Upsert realizado com sucesso
2026-01-14 09:48:37,452 | INFO | app | Upsert realizado com sucesso
2026-01-14 09:48:37,539 | INFO | app | Upsert realizado com sucesso
2026-01-14 09:48:37,618 | INFO | app | Upsert realizado com sucesso
2026-01-14 09:48:37,720 | INFO | app | Upsert realizado com sucesso
2026-01-14 09:48:37,803 | INFO | app | Upsert realizado com sucesso
2026-01-14 09:48:37,889 | INFO | app | Upsert realizado com sucesso
2026-01-14 09:48:37,975 | INFO | app | Upsert realizado com sucesso
2026-01-14 09:48:38,087 | INFO | app | Upsert realizado com sucesso
2026-01-14 09:48:38,168 | INFO | app | Upsert realizado com sucesso
2026-01-14 09:48:38,284 | INFO | app | Upsert realizado com sucesso
2026-01-14 09:48:38,365 | INFO | app | Upsert realizado com sucesso
2026-01-14 09:48:38,445 | INFO | app | Upsert realizado com sucesso
2026-01-14 09:48:38,542 | INFO | app | Upsert realizado com sucesso
2026-01-14 09:48:38,628 | INFO | app | Upsert realizado com sucesso
2026-01-14 09:48:38,735 | INFO | app | Upsert realizado com sucesso
2026-01-14 09:48:38,819 | INFO | app | Upsert realizado com sucesso
2026-01-14 09:48:38,899 | INFO | app | Upsert realizado com sucesso
2026-01-14 09:48:38,992 | INFO | app | Upsert realizado com sucesso
2026-01-14 09:48:39,087 | INFO | app | Upsert realizado com sucesso
2026-01-14 09:48:39,169 | INFO | app | Upsert realizado com sucesso
2026-01-14 09:48:39,270 | INFO | app | Upsert realizado com sucesso
2026-01-14 09:48:39,577 | INFO | app | Upsert realizado com sucesso
2026-01-14 09:48:39,661 | INFO | app | Upsert realizado com sucesso
2026-01-14 09:48:39,739 | INFO | app | Upsert realizado com sucesso
2026-01-14 09:49:26,748 | INFO | app | Upsert realizado com sucesso
2026-01-14 09:49:26,830 | INFO | app | Upsert realizado com sucesso
2026-01-14 09:49:26,939 | INFO | app | Upsert realizado com sucesso
2026-01-14 09:49:27,041 | INFO | app | Upsert realizado com sucesso
2026-01-14 09:49:27,121 | INFO | app | Upsert realizado com sucesso
2026-01-14 09:49:27,226 | INFO | app | Upsert realizado com sucesso
2026-01-14 09:49:27,308 | INFO | app | Upsert realizado com sucesso
2026-01-14 09:49:27,389 | INFO | app | Upsert realizado com sucesso
2026-01-14 09:49:27,472 | INFO | app | Upsert realizado com sucesso
2026-01-14 09:49:27,592 | INFO | app | Upsert realizado com sucesso
2026-01-14 09:49:27,678 | INFO | app | Upsert realizado com sucesso
2026-01-14 09:49:27,759 | INFO | app | Upsert realizado com sucesso
2026-01-14 09:49:27,838 | INFO | app | Upsert realizado com sucesso
2026-01-14 09:49:27,924 | INFO | app | Upsert realizado com sucesso
2026-01-14 09:49:28,014 | INFO | app | Upsert realizado com sucesso
2026-01-14 09:49:28,115 | INFO | app | Upsert realizado com sucesso
2026-01-14 09:49:28,201 | INFO | app | Upsert realizado com sucesso
2026-01-14 09:49:28,284 | INFO | app | Upsert realizado com sucesso
2026-01-14 09:49:28,587 | INFO | app | Upsert realizado com sucesso
2026-01-14 09:49:28,668 | INFO | app | Upsert realizado com sucesso
2026-01-14 09:49:28,754 | INFO | app | Upsert realizado com sucesso
2026-01-14 09:49:28,838 | INFO | app | Upsert realizado com sucesso
2026-01-14 09:49:28,956 | INFO | app | Upsert realizado com sucesso
2026-01-14 09:49:29,039 | INFO | app | Upsert realizado com sucesso
2026-01-14 09:49:29,128 | INFO | app | Upsert realizado com sucesso
2026-01-14 09:49:29,238 | INFO | app | Upsert realizado com sucesso
2026-01-14 09:49:29,314 | INFO | app | Upsert realizado com sucesso
2026-01-14 09:49:29,395 | INFO | app | Upsert realizado com sucesso
2026-01-14 09:49:29,495 | INFO | app | Upsert realizado com sucesso
2026-01-14 09:49:29,579 | INFO | app | Upsert realizado com sucesso
2026-01-14 09:49:29,666 | INFO | app | Upsert realizado com sucesso
2026-01-14 09:49:29,765 | INFO | app | Upsert realizado com sucesso
2026-01-14 09:49:29,867 | INFO | app | Upsert realizado com sucesso
2026-01-14 09:49:29,943 | INFO | app | Upsert realizado com sucesso
2026-01-14 09:49:30,026 | INFO | app | Upsert realizado com sucesso
2026-01-14 09:49:30,116 | INFO | app | Upsert realizado com sucesso
2026-01-14 09:49:30,208 | INFO | app | Upsert realizado com sucesso
2026-01-14 09:49:30,292 | INFO | app | Upsert realizado com sucesso
2026-01-14 09:49:30,379 | INFO | app | Upsert realizado com sucesso
2026-01-14 09:49:30,464 | INFO | app | Upsert realizado com sucesso
2026-01-14 09:49:30,566 | INFO | app | Upsert realizado com sucesso
2026-01-14 09:49:30,655 | INFO | app | Upsert realizado com sucesso
2026-01-14 09:49:30,751 | INFO | app | Upsert realizado com sucesso
2026-01-14 09:49:30,838 | INFO | app | Upsert realizado com sucesso
2026-01-14 09:49:30,919 | INFO | app | Upsert realizado com sucesso
2026-01-14 09:49:31,020 | INFO | app | Upsert realizado com sucesso
2026-01-14 09:49:31,101 | INFO | app | Upsert realizado com sucesso
2026-01-14 09:49:31,190 | INFO | app | Upsert realizado com sucesso
2026-01-14 09:49:31,279 | INFO | app | Upsert realizado com sucesso
2026-01-14 09:49:31,390 | INFO | app | Upsert realizado com sucesso
2026-01-14 09:49:31,476 | INFO | app | Upsert realizado com sucesso
2026-01-14 09:49:31,561 | INFO | app | Upsert realizado com sucesso
2026-01-14 09:49:31,646 | INFO | app | Upsert realizado com sucesso
2026-01-14 09:49:31,748 | INFO | app | Upsert realizado com sucesso
2026-01-14 09:49:31,849 | INFO | app | Upsert realizado com sucesso
2026-01-14 09:49:31,959 | INFO | app | Upsert realizado com sucesso
2026-01-14 09:49:32,064 | INFO | app | Upsert realizado com sucesso
2026-01-14 09:49:32,150 | INFO | app | Upsert realizado com sucesso
2026-01-14 09:49:32,234 | INFO | app | Upsert realizado com sucesso
2026-01-14 09:49:32,322 | INFO | app | Upsert realizado com sucesso
2026-01-14 09:49:32,408 | INFO | app | Upsert realizado com sucesso
2026-01-14 09:49:32,495 | INFO | app | Upsert realizado com sucesso
2026-01-14 09:49:32,574 | INFO | app | Upsert realizado com sucesso
2026-01-14 09:49:32,666 | INFO | app | Upsert realizado com sucesso
2026-01-14 09:49:32,746 | INFO | app | Upsert realizado com sucesso
2026-01-14 09:49:32,836 | INFO | app | Upsert realizado com sucesso
2026-01-14 09:49:32,913 | INFO | app | Upsert realizado com sucesso
2026-01-14 09:49:32,993 | INFO | app | Upsert realizado com sucesso
2026-01-14 09:49:33,085 | INFO | app | Upsert realizado com sucesso
2026-01-14 09:49:33,182 | INFO | app | Upsert realizado com sucesso
2026-01-14 09:49:33,268 | INFO | app | Upsert realizado com sucesso
2026-01-14 09:49:33,372 | INFO | app | Upsert realizado com sucesso
2026-01-14 09:49:33,457 | INFO | app | Upsert realizado com sucesso
2026-01-14 09:49:33,542 | INFO | app | Upsert realizado com sucesso
2026-01-14 09:49:33,624 | INFO | app | Upsert realizado com sucesso
2026-01-14 09:49:33,710 | INFO | app | Upsert realizado com sucesso
2026-01-14 09:49:33,794 | INFO | app | Upsert realizado com sucesso
2026-01-14 09:49:33,881 | INFO | app | Upsert realizado com sucesso
2026-01-14 09:49:33,975 | INFO | app | Upsert realizado com sucesso
2026-01-14 09:49:34,058 | INFO | app | Upsert realizado com sucesso
2026-01-14 09:49:34,161 | INFO | app | Upsert realizado com sucesso
2026-01-14 09:49:34,255 | INFO | app | Upsert realizado com sucesso
2026-01-14 09:49:34,344 | INFO | app | Upsert realizado com sucesso
2026-01-14 09:49:34,445 | INFO | app | Upsert realizado com sucesso
2026-01-14 09:49:34,529 | INFO | app | Upsert realizado com sucesso
2026-01-14 09:49:34,621 | INFO | app | Upsert realizado com sucesso
2026-01-14 09:49:34,705 | INFO | app | Upsert realizado com sucesso
2026-01-14 09:49:34,790 | INFO | app | Upsert realizado com sucesso
2026-01-14 09:49:34,894 | INFO | app | Upsert realizado com sucesso
2026-01-14 09:49:34,982 | INFO | app | Upsert realizado com sucesso
2026-01-14 09:49:35,063 | INFO | app | Upsert realizado com sucesso
2026-01-14 09:49:35,140 | INFO | app | Upsert realizado com sucesso
2026-01-14 09:49:35,225 | INFO | app | Upsert realizado com sucesso
2026-01-14 09:49:35,311 | INFO | app | Upsert realizado com sucesso
2026-01-14 09:49:35,401 | INFO | app | Upsert realizado com sucesso
2026-01-14 09:49:35,482 | INFO | app | Upsert realizado com sucesso
2026-01-14 09:49:35,585 | INFO | app | Upsert realizado com sucesso
2026-01-14 09:49:35,691 | INFO | app | Upsert realizado com sucesso
2026-01-14 09:49:35,994 | INFO | app | Upsert realizado com sucesso
2026-01-14 09:49:36,084 | INFO | app | Upsert realizado com sucesso
2026-01-14 09:49:36,188 | INFO | app | Upsert realizado com sucesso
2026-01-14 09:49:36,277 | INFO | app | Upsert realizado com sucesso
2026-01-14 09:49:36,370 | INFO | app | Upsert realizado com sucesso
2026-01-14 09:49:36,453 | INFO | app | Upsert realizado com sucesso
2026-01-14 09:49:36,561 | INFO | app | Upsert realizado com sucesso
2026-01-14 09:49:36,652 | INFO | app | Upsert realizado com sucesso
2026-01-14 09:49:36,739 | INFO | app | Upsert realizado com sucesso
2026-01-14 09:49:36,817 | INFO | app | Upsert realizado com sucesso
2026-01-14 09:49:36,921 | INFO | app | Upsert realizado com sucesso
2026-01-14 09:49:37,009 | INFO | app | Upsert realizado com sucesso
2026-01-14 09:49:37,088 | INFO | app | Upsert realizado com sucesso
2026-01-14 09:49:37,179 | INFO | app | Upsert realizado com sucesso
2026-01-14 09:49:37,280 | INFO | app | Upsert realizado com sucesso
2026-01-14 09:49:37,363 | INFO | app | Upsert realizado com sucesso
2026-01-14 09:49:37,472 | INFO | app | Upsert realizado com sucesso
2026-01-14 09:49:37,572 | INFO | app | Upsert realizado com sucesso
2026-01-14 09:49:37,666 | INFO | app | Upsert realizado com sucesso
2026-01-14 09:49:37,757 | INFO | app | Upsert realizado com sucesso
2026-01-14 09:49:37,837 | INFO | app | Upsert realizado com sucesso
2026-01-14 09:49:37,928 | INFO | app | Upsert realizado com sucesso
2026-01-14 09:49:38,011 | INFO | app | Upsert realizado com sucesso
2026-01-14 09:49:38,095 | INFO | app | Upsert realizado com sucesso
2026-01-14 09:49:38,188 | INFO | app | Upsert realizado com sucesso
2026-01-14 09:49:38,298 | INFO | app | Upsert realizado com sucesso
2026-01-14 09:49:38,387 | INFO | app | Upsert realizado com sucesso
2026-01-14 09:49:38,492 | INFO | app | Upsert realizado com sucesso
2026-01-14 09:49:38,581 | INFO | app | Upsert realizado com sucesso
2026-01-14 09:49:38,669 | INFO | app | Upsert realizado com sucesso
2026-01-14 09:49:38,753 | INFO | app | Upsert realizado com sucesso
2026-01-14 09:49:38,863 | INFO | app | Upsert realizado com sucesso
2026-01-14 09:49:38,965 | INFO | app | Upsert realizado com sucesso
2026-01-14 09:49:39,275 | INFO | app | Upsert realizado com sucesso
2026-01-14 09:49:39,536 | INFO | app | Upsert realizado com sucesso
2026-01-14 09:49:39,620 | INFO | app | Upsert realizado com sucesso
2026-01-14 09:49:39,701 | INFO | app | Upsert realizado com sucesso
2026-01-14 09:49:39,792 | INFO | app | Upsert realizado com sucesso
2026-01-14 09:49:39,873 | INFO | app | Upsert realizado com sucesso
2026-01-14 09:49:39,953 | INFO | app | Upsert realizado com sucesso
2026-01-14 09:49:40,051 | INFO | app | Upsert realizado com sucesso
2026-01-14 09:49:40,152 | INFO | app | Upsert realizado com sucesso
2026-01-14 09:49:40,241 | INFO | app | Upsert realizado com sucesso
2026-01-14 09:49:40,325 | INFO | app | Upsert realizado com sucesso
2026-01-14 09:49:40,405 | INFO | app | Upsert realizado com sucesso
2026-01-14 09:49:40,488 | INFO | app | Upsert realizado com sucesso
2026-01-14 09:49:40,586 | INFO | app | Upsert realizado com sucesso
2026-01-14 09:49:40,669 | INFO | app | Upsert realizado com sucesso
2026-01-14 09:49:40,773 | INFO | app | Upsert realizado com sucesso
2026-01-14 09:49:40,857 | INFO | app | Upsert realizado com sucesso
2026-01-14 09:49:40,963 | INFO | app | Upsert realizado com sucesso
2026-01-14 09:49:41,047 | INFO | app | Upsert realizado com sucesso
2026-01-14 09:49:41,129 | INFO | app | Upsert realizado com sucesso
2026-01-14 09:49:41,223 | INFO | app | Upsert realizado com sucesso
2026-01-14 09:49:42,338 | INFO | app | Upsert realizado com sucesso
2026-01-14 09:49:42,453 | INFO | app | Upsert realizado com sucesso
2026-01-14 09:49:42,532 | INFO | app | Upsert realizado com sucesso
2026-01-14 09:49:42,619 | INFO | app | Upsert realizado com sucesso
2026-01-14 09:49:42,725 | INFO | app | Upsert realizado com sucesso
2026-01-14 09:49:42,808 | INFO | app | Upsert realizado com sucesso
2026-01-14 09:49:42,895 | INFO | app | Upsert realizado com sucesso
2026-01-14 09:49:42,982 | INFO | app | Upsert realizado com sucesso
2026-01-14 09:49:43,071 | INFO | app | Upsert realizado com sucesso
2026-01-14 09:49:43,156 | INFO | app | Upsert realizado com sucesso
2026-01-14 09:49:43,243 | INFO | app | Upsert realizado com sucesso
2026-01-14 09:49:43,346 | INFO | app | Upsert realizado com sucesso
2026-01-14 09:49:43,431 | INFO | app | Upsert realizado com sucesso
2026-01-14 09:49:43,510 | INFO | app | Upsert realizado com sucesso
2026-01-14 09:49:43,589 | INFO | app | Upsert realizado com sucesso
2026-01-14 09:49:43,672 | INFO | app | Upsert realizado com sucesso
2026-01-14 09:49:43,779 | INFO | app | Upsert realizado com sucesso
2026-01-14 09:49:43,883 | INFO | app | Upsert realizado com sucesso
2026-01-14 09:49:43,964 | INFO | app | Upsert realizado com sucesso
2026-01-14 09:49:44,044 | INFO | app | Upsert realizado com sucesso
2026-01-14 09:49:44,127 | INFO | app | Upsert realizado com sucesso
2026-01-14 09:49:44,230 | INFO | app | Upsert realizado com sucesso
2026-01-14 09:49:44,334 | INFO | app | Upsert realizado com sucesso
2026-01-14 09:49:44,417 | INFO | app | Upsert realizado com sucesso
2026-01-14 09:49:44,504 | INFO | app | Upsert realizado com sucesso
2026-01-14 09:49:44,592 | INFO | app | Upsert realizado com sucesso
2026-01-14 09:49:44,699 | INFO | app | Upsert realizado com sucesso
2026-01-14 09:49:44,804 | INFO | app | Upsert realizado com sucesso
2026-01-14 09:49:44,909 | INFO | app | Upsert realizado com sucesso
2026-01-14 09:49:45,000 | INFO | app | Upsert realizado com sucesso
2026-01-14 09:49:45,105 | INFO | app | Upsert realizado com sucesso
2026-01-14 09:49:45,188 | INFO | app | Upsert realizado com sucesso
2026-01-14 09:49:45,291 | INFO | app | Upsert realizado com sucesso
2026-01-14 09:49:45,370 | INFO | app | Upsert realizado com sucesso
2026-01-14 09:49:45,465 | INFO | app | Upsert realizado com sucesso
2026-01-14 09:49:45,562 | INFO | app | Upsert realizado com sucesso
2026-01-14 09:49:45,643 | INFO | app | Upsert realizado com sucesso
2026-01-14 09:49:45,737 | INFO | app | Upsert realizado com sucesso
2026-01-14 09:49:45,839 | INFO | app | Upsert realizado com sucesso
2026-01-14 09:49:45,931 | INFO | app | Upsert realizado com sucesso
2026-01-14 09:49:46,016 | INFO | app | Upsert realizado com sucesso
2026-01-14 09:49:46,095 | INFO | app | Upsert realizado com sucesso
2026-01-14 09:49:46,204 | INFO | app | Upsert realizado com sucesso
2026-01-14 09:49:46,310 | INFO | app | Upsert realizado com sucesso
2026-01-14 09:49:46,396 | INFO | app | Upsert realizado com sucesso
2026-01-14 09:49:46,486 | INFO | app | Upsert realizado com sucesso
2026-01-14 09:49:46,589 | INFO | app | Upsert realizado com sucesso
2026-01-14 09:49:46,695 | INFO | app | Upsert realizado com sucesso
2026-01-14 09:49:46,791 | INFO | app | Upsert realizado com sucesso
2026-01-14 09:49:46,868 | INFO | app | Upsert realizado com sucesso
2026-01-14 09:49:46,953 | INFO | app | Upsert realizado com sucesso
2026-01-14 09:49:47,040 | INFO | app | Upsert realizado com sucesso
2026-01-14 09:49:47,146 | INFO | app | Upsert realizado com sucesso
2026-01-14 09:49:47,454 | INFO | app | Upsert realizado com sucesso
2026-01-14 09:49:47,553 | INFO | app | Upsert realizado com sucesso
2026-01-14 09:49:47,634 | INFO | app | Upsert realizado com sucesso
2026-01-14 09:49:47,732 | INFO | app | Upsert realizado com sucesso
2026-01-14 09:49:47,831 | INFO | app | Upsert realizado com sucesso
2026-01-14 09:49:47,914 | INFO | app | Upsert realizado com sucesso
2026-01-14 09:49:48,009 | INFO | app | Upsert realizado com sucesso
2026-01-14 09:49:48,110 | INFO | app | Upsert realizado com sucesso
2026-01-14 09:49:48,220 | INFO | app | Upsert realizado com sucesso
2026-01-14 09:49:48,298 | INFO | app | Upsert realizado com sucesso
2026-01-14 09:49:48,379 | INFO | app | Upsert realizado com sucesso
2026-01-14 09:49:48,483 | INFO | app | Upsert realizado com sucesso
2026-01-14 09:49:48,566 | INFO | app | Upsert realizado com sucesso
2026-01-14 09:49:48,662 | INFO | app | Upsert realizado com sucesso
2026-01-14 09:49:48,747 | INFO | app | Upsert realizado com sucesso
2026-01-14 09:49:48,833 | INFO | app | Upsert realizado com sucesso
2026-01-14 09:49:48,918 | INFO | app | Upsert realizado com sucesso
2026-01-14 09:49:49,020 | INFO | app | Upsert realizado com sucesso
2026-01-14 09:49:49,103 | INFO | app | Upsert realizado com sucesso
2026-01-14 09:49:49,220 | INFO | app | Upsert realizado com sucesso
2026-01-14 09:49:49,317 | INFO | app | Upsert realizado com sucesso
2026-01-14 09:49:49,407 | INFO | app | Upsert realizado com sucesso
2026-01-14 09:49:49,489 | INFO | app | Upsert realizado com sucesso
2026-01-14 09:49:49,590 | INFO | app | Upsert realizado com sucesso
2026-01-14 09:49:49,676 | INFO | app | Upsert realizado com sucesso
2026-01-14 09:49:49,774 | INFO | app | Upsert realizado com sucesso
2026-01-14 09:49:49,855 | INFO | app | Upsert realizado com sucesso
2026-01-14 09:49:49,943 | INFO | app | Upsert realizado com sucesso
2026-01-14 09:49:50,025 | INFO | app | Upsert realizado com sucesso
2026-01-14 09:49:50,109 | INFO | app | Upsert realizado com sucesso
2026-01-14 09:49:50,189 | INFO | app | Upsert realizado com sucesso
2026-01-14 09:49:50,292 | INFO | app | Upsert realizado com sucesso
2026-01-14 09:49:50,383 | INFO | app | Upsert realizado com sucesso
2026-01-14 09:49:50,464 | INFO | app | Upsert realizado com sucesso
2026-01-14 09:49:50,544 | INFO | app | Upsert realizado com sucesso
2026-01-14 09:49:50,643 | INFO | app | Upsert realizado com sucesso
2026-01-14 09:49:50,745 | INFO | app | Upsert realizado com sucesso
2026-01-14 09:49:50,829 | INFO | app | Upsert realizado com sucesso
2026-01-14 09:49:50,911 | INFO | app | Upsert realizado com sucesso
2026-01-14 09:49:50,990 | INFO | app | Upsert realizado com sucesso
2026-01-14 09:49:51,079 | INFO | app | Upsert realizado com sucesso
2026-01-14 09:49:51,155 | INFO | app | Upsert realizado com sucesso
2026-01-14 09:49:51,239 | INFO | app | Upsert realizado com sucesso
2026-01-14 09:49:51,318 | INFO | app | Upsert realizado com sucesso
2026-01-14 09:49:51,399 | INFO | app | Upsert realizado com sucesso
2026-01-14 09:49:51,507 | INFO | app | Upsert realizado com sucesso
2026-01-14 09:49:51,592 | INFO | app | Upsert realizado com sucesso
2026-01-14 09:49:51,676 | INFO | app | Upsert realizado com sucesso
2026-01-14 09:49:51,763 | INFO | app | Upsert realizado com sucesso
2026-01-14 09:49:51,845 | INFO | app | Upsert realizado com sucesso
2026-01-14 09:49:51,932 | INFO | app | Upsert realizado com sucesso
2026-01-14 09:49:52,013 | INFO | app | Upsert realizado com sucesso
2026-01-14 09:49:52,095 | INFO | app | Upsert realizado com sucesso
2026-01-14 09:49:52,175 | INFO | app | Upsert realizado com sucesso
2026-01-14 09:49:52,259 | INFO | app | Upsert realizado com sucesso
2026-01-14 09:49:52,347 | INFO | app | Upsert realizado com sucesso
2026-01-14 09:49:52,432 | INFO | app | Upsert realizado com sucesso
2026-01-14 09:49:52,540 | INFO | app | Upsert realizado com sucesso
2026-01-14 09:49:52,628 | INFO | app | Upsert realizado com sucesso
2026-01-14 09:49:52,712 | INFO | app | Upsert realizado com sucesso
2026-01-14 09:49:52,796 | INFO | app | Upsert realizado com sucesso
2026-01-14 09:49:52,884 | INFO | app | Upsert realizado com sucesso
2026-01-14 09:49:52,966 | INFO | app | Upsert realizado com sucesso
2026-01-14 09:49:53,040 | INFO | app | Upsert realizado com sucesso
2026-01-14 09:49:53,123 | INFO | app | Upsert realizado com sucesso
2026-01-14 09:49:53,215 | INFO | app | Upsert realizado com sucesso
2026-01-14 09:49:53,298 | INFO | app | Upsert realizado com sucesso
2026-01-14 09:49:53,396 | INFO | app | Upsert realizado com sucesso
2026-01-14 09:49:53,474 | INFO | app | Upsert realizado com sucesso
2026-01-14 09:49:53,558 | INFO | app | Upsert realizado com sucesso
2026-01-14 09:49:53,648 | INFO | app | Upsert realizado com sucesso
2026-01-14 09:49:53,735 | INFO | app | Upsert realizado com sucesso
2026-01-14 09:49:53,838 | INFO | app | Upsert realizado com sucesso
2026-01-14 09:49:53,921 | INFO | app | Upsert realizado com sucesso
2026-01-14 09:49:54,039 | INFO | app | Upsert realizado com sucesso
2026-01-14 09:49:54,121 | INFO | app | Upsert realizado com sucesso
2026-01-14 09:49:54,247 | INFO | app | Upsert realizado com sucesso
2026-01-14 09:49:54,351 | INFO | app | Upsert realizado com sucesso
2026-01-14 09:49:54,439 | INFO | app | Upsert realizado com sucesso
2026-01-14 09:49:54,540 | INFO | app | Upsert realizado com sucesso
2026-01-14 09:49:54,625 | INFO | app | Upsert realizado com sucesso
2026-01-14 09:49:54,706 | INFO | app | Upsert realizado com sucesso
2026-01-14 09:49:54,788 | INFO | app | Upsert realizado com sucesso
2026-01-14 09:49:54,909 | INFO | app | Upsert realizado com sucesso
2026-01-14 09:49:55,054 | INFO | app | Upsert realizado com sucesso
2026-01-14 09:49:55,368 | INFO | app | Upsert realizado com sucesso
2026-01-14 09:49:55,706 | INFO | app | Upsert realizado com sucesso
2026-01-14 09:49:55,790 | INFO | app | Upsert realizado com sucesso
2026-01-14 09:49:55,867 | INFO | app | Upsert realizado com sucesso
2026-01-14 09:49:55,973 | INFO | app | Upsert realizado com sucesso
2026-01-14 09:49:56,054 | INFO | app | Upsert realizado com sucesso
2026-01-14 09:49:56,140 | INFO | app | Upsert realizado com sucesso
2026-01-14 09:49:56,222 | INFO | app | Upsert realizado com sucesso
2026-01-14 09:49:56,323 | INFO | app | Upsert realizado com sucesso
2026-01-14 09:49:56,414 | INFO | app | Upsert realizado com sucesso
2026-01-14 09:49:56,506 | INFO | app | Upsert realizado com sucesso
2026-01-14 09:49:56,593 | INFO | app | Upsert realizado com sucesso
2026-01-14 09:49:56,696 | INFO | app | Upsert realizado com sucesso
2026-01-14 09:49:56,800 | INFO | app | Upsert realizado com sucesso
2026-01-14 09:49:56,879 | INFO | app | Upsert realizado com sucesso
2026-01-14 09:49:56,972 | INFO | app | Upsert realizado com sucesso
2026-01-14 09:49:57,060 | INFO | app | Upsert realizado com sucesso
2026-01-14 09:49:57,151 | INFO | app | Upsert realizado com sucesso
2026-01-14 09:49:57,232 | INFO | app | Upsert realizado com sucesso
2026-01-14 09:49:57,332 | INFO | app | Upsert realizado com sucesso
2026-01-14 09:49:57,439 | INFO | app | Upsert realizado com sucesso
2026-01-14 09:49:57,524 | INFO | app | Upsert realizado com sucesso
2026-01-14 09:49:57,608 | INFO | app | Upsert realizado com sucesso
2026-01-14 09:49:57,690 | INFO | app | Upsert realizado com sucesso
2026-01-14 09:49:57,775 | INFO | app | Upsert realizado com sucesso
2026-01-14 09:49:57,858 | INFO | app | Upsert realizado com sucesso
2026-01-14 09:49:57,945 | INFO | app | Upsert realizado com sucesso
2026-01-14 09:49:58,267 | INFO | app | Upsert realizado com sucesso
2026-01-14 09:49:58,350 | INFO | app | Upsert realizado com sucesso
2026-01-14 09:49:58,429 | INFO | app | Upsert realizado com sucesso
2026-01-14 09:49:58,511 | INFO | app | Upsert realizado com sucesso
2026-01-14 09:49:58,596 | INFO | app | Upsert realizado com sucesso
2026-01-14 09:49:58,699 | INFO | app | Upsert realizado com sucesso
2026-01-14 09:49:58,808 | INFO | app | Upsert realizado com sucesso
2026-01-14 09:49:58,897 | INFO | app | Upsert realizado com sucesso
2026-01-14 09:49:58,997 | INFO | app | Upsert realizado com sucesso
2026-01-14 09:49:59,098 | INFO | app | Upsert realizado com sucesso
2026-01-14 09:49:59,182 | INFO | app | Upsert realizado com sucesso
2026-01-14 09:49:59,267 | INFO | app | Upsert realizado com sucesso
2026-01-14 09:49:59,375 | INFO | app | Upsert realizado com sucesso
2026-01-14 09:49:59,692 | INFO | app | Upsert realizado com sucesso
2026-01-14 09:49:59,793 | INFO | app | Upsert realizado com sucesso
2026-01-14 09:49:59,890 | INFO | app | Upsert realizado com sucesso
2026-01-14 09:50:00,009 | INFO | app | Upsert realizado com sucesso
2026-01-14 09:50:00,101 | INFO | app | Upsert realizado com sucesso
2026-01-14 09:50:00,188 | INFO | app | Upsert realizado com sucesso
2026-01-14 09:50:00,298 | INFO | app | Upsert realizado com sucesso
2026-01-14 09:50:00,387 | INFO | app | Upsert realizado com sucesso
2026-01-14 09:50:00,482 | INFO | app | Upsert realizado com sucesso
2026-01-14 09:50:00,574 | INFO | app | Upsert realizado com sucesso
2026-01-14 09:50:00,664 | INFO | app | Upsert realizado com sucesso
2026-01-14 09:50:00,746 | INFO | app | Upsert realizado com sucesso
2026-01-14 09:50:00,853 | INFO | app | Upsert realizado com sucesso
2026-01-14 09:50:00,949 | INFO | app | Upsert realizado com sucesso
2026-01-14 09:50:01,044 | INFO | app | Upsert realizado com sucesso
2026-01-14 09:50:01,154 | INFO | app | Upsert realizado com sucesso
2026-01-14 09:50:01,270 | INFO | app | Upsert realizado com sucesso
2026-01-14 09:50:01,352 | INFO | app | Upsert realizado com sucesso
2026-01-14 09:50:01,453 | INFO | app | Upsert realizado com sucesso
2026-01-14 09:50:01,546 | INFO | app | Upsert realizado com sucesso
2026-01-14 09:50:01,634 | INFO | app | Upsert realizado com sucesso
2026-01-14 09:50:01,743 | INFO | app | Upsert realizado com sucesso
2026-01-14 09:50:01,854 | INFO | app | Upsert realizado com sucesso
2026-01-14 09:50:01,947 | INFO | app | Upsert realizado com sucesso
2026-01-14 09:50:02,052 | INFO | app | Upsert realizado com sucesso
2026-01-14 09:50:02,145 | INFO | app | Upsert realizado com sucesso
2026-01-14 09:50:02,253 | INFO | app | Upsert realizado com sucesso
2026-01-14 09:50:02,356 | INFO | app | Upsert realizado com sucesso
2026-01-14 09:50:02,452 | INFO | app | Upsert realizado com sucesso
2026-01-14 09:50:02,542 | INFO | app | Upsert realizado com sucesso
2026-01-14 09:50:02,635 | INFO | app | Upsert realizado com sucesso
2026-01-14 09:50:02,741 | INFO | app | Upsert realizado com sucesso
2026-01-14 09:50:02,845 | INFO | app | Upsert realizado com sucesso
2026-01-14 09:50:02,951 | INFO | app | Upsert realizado com sucesso
2026-01-14 09:50:03,044 | INFO | app | Upsert realizado com sucesso
2026-01-14 09:50:03,126 | INFO | app | Upsert realizado com sucesso
2026-01-14 09:50:03,216 | INFO | app | Upsert realizado com sucesso
2026-01-14 09:50:03,323 | INFO | app | Upsert realizado com sucesso
2026-01-14 09:50:03,415 | INFO | app | Upsert realizado com sucesso
2026-01-14 09:50:03,505 | INFO | app | Upsert realizado com sucesso
2026-01-14 09:50:03,601 | INFO | app | Upsert realizado com sucesso
2026-01-14 09:50:03,692 | INFO | app | Upsert realizado com sucesso
2026-01-14 09:50:03,772 | INFO | app | Upsert realizado com sucesso
2026-01-14 09:50:03,857 | INFO | app | Upsert realizado com sucesso
2026-01-14 09:50:03,958 | INFO | app | Upsert realizado com sucesso
2026-01-14 09:50:04,068 | INFO | app | Upsert realizado com sucesso
2026-01-14 09:50:04,156 | INFO | app | Upsert realizado com sucesso
2026-01-14 09:50:04,255 | INFO | app | Upsert realizado com sucesso
2026-01-14 09:50:04,338 | INFO | app | Upsert realizado com sucesso
2026-01-14 09:50:04,435 | INFO | app | Upsert realizado com sucesso
2026-01-14 09:50:04,521 | INFO | app | Upsert realizado com sucesso
2026-01-14 09:50:04,626 | INFO | app | Upsert realizado com sucesso
2026-01-14 09:50:04,721 | INFO | app | Upsert realizado com sucesso
2026-01-14 09:50:04,810 | INFO | app | Upsert realizado com sucesso
2026-01-14 09:50:04,890 | INFO | app | Upsert realizado com sucesso
2026-01-14 09:50:04,976 | INFO | app | Upsert realizado com sucesso
2026-01-14 09:50:05,065 | INFO | app | Upsert realizado com sucesso
2026-01-14 09:50:05,162 | INFO | app | Upsert realizado com sucesso
2026-01-14 09:50:05,240 | INFO | app | Upsert realizado com sucesso
2026-01-14 09:50:05,323 | INFO | app | Upsert realizado com sucesso
2026-01-14 09:50:05,404 | INFO | app | Upsert realizado com sucesso
2026-01-14 09:50:05,495 | INFO | app | Upsert realizado com sucesso
2026-01-14 09:50:05,579 | INFO | app | Upsert realizado com sucesso
2026-01-14 09:50:05,661 | INFO | app | Upsert realizado com sucesso
2026-01-14 09:50:05,743 | INFO | app | Upsert realizado com sucesso
2026-01-14 09:50:05,831 | INFO | app | Upsert realizado com sucesso
2026-01-14 09:50:05,916 | INFO | app | Upsert realizado com sucesso
2026-01-14 09:50:06,001 | INFO | app | Upsert realizado com sucesso
2026-01-14 09:50:06,110 | INFO | app | Upsert realizado com sucesso
2026-01-14 09:50:06,200 | INFO | app | Upsert realizado com sucesso
2026-01-14 09:50:06,308 | INFO | app | Upsert realizado com sucesso
2026-01-14 09:50:06,393 | INFO | app | Upsert realizado com sucesso
2026-01-14 09:50:06,506 | INFO | app | Upsert realizado com sucesso
2026-01-14 09:50:06,595 | INFO | app | Upsert realizado com sucesso
2026-01-14 09:50:06,699 | INFO | app | Upsert realizado com sucesso
2026-01-14 09:50:06,796 | INFO | app | Upsert realizado com sucesso
2026-01-14 09:50:07,094 | INFO | app | Upsert realizado com sucesso
2026-01-14 09:50:07,183 | INFO | app | Upsert realizado com sucesso
2026-01-14 09:50:07,275 | INFO | app | Upsert realizado com sucesso
2026-01-14 09:50:07,387 | INFO | app | Upsert realizado com sucesso
2026-01-14 09:50:07,681 | INFO | app | Upsert realizado com sucesso
2026-01-14 09:50:07,764 | INFO | app | Upsert realizado com sucesso
2026-01-14 09:50:07,853 | INFO | app | Upsert realizado com sucesso
2026-01-14 09:50:07,984 | INFO | app | Upsert realizado com sucesso
2026-01-14 09:50:08,071 | INFO | app | Upsert realizado com sucesso
2026-01-14 09:50:08,174 | INFO | app | Upsert realizado com sucesso
2026-01-14 09:50:08,266 | INFO | app | Upsert realizado com sucesso
2026-01-14 09:50:08,360 | INFO | app | Upsert realizado com sucesso
2026-01-14 09:50:08,471 | INFO | app | Upsert realizado com sucesso
2026-01-14 09:50:08,549 | INFO | app | Upsert realizado com sucesso
2026-01-14 09:50:08,663 | INFO | app | Upsert realizado com sucesso
2026-01-14 09:50:08,752 | INFO | app | Upsert realizado com sucesso
2026-01-14 09:50:08,844 | INFO | app | Upsert realizado com sucesso
2026-01-14 09:50:08,927 | INFO | app | Upsert realizado com sucesso
2026-01-14 09:50:09,012 | INFO | app | Upsert realizado com sucesso
2026-01-14 09:50:09,096 | INFO | app | Upsert realizado com sucesso
2026-01-14 09:50:09,194 | INFO | app | Upsert realizado com sucesso
2026-01-14 09:50:09,275 | INFO | app | Upsert realizado com sucesso
2026-01-14 09:50:09,359 | INFO | app | Upsert realizado com sucesso
2026-01-14 09:50:09,442 | INFO | app | Upsert realizado com sucesso
2026-01-14 09:50:09,526 | INFO | app | Upsert realizado com sucesso
2026-01-14 09:50:09,608 | INFO | app | Upsert realizado com sucesso
2026-01-14 09:50:09,688 | INFO | app | Upsert realizado com sucesso
2026-01-14 09:50:09,785 | INFO | app | Upsert realizado com sucesso
2026-01-14 09:50:09,873 | INFO | app | Upsert realizado com sucesso
2026-01-14 09:50:09,954 | INFO | app | Upsert realizado com sucesso
2026-01-14 09:50:10,035 | INFO | app | Upsert realizado com sucesso
2026-01-14 09:50:10,124 | INFO | app | Upsert realizado com sucesso
2026-01-14 09:50:10,211 | INFO | app | Upsert realizado com sucesso
2026-01-14 09:50:10,298 | INFO | app | Upsert realizado com sucesso
2026-01-14 09:50:10,384 | INFO | app | Upsert realizado com sucesso
2026-01-14 09:50:10,473 | INFO | app | Upsert realizado com sucesso
2026-01-14 09:50:10,554 | INFO | app | Upsert realizado com sucesso
2026-01-14 09:50:10,663 | INFO | app | Upsert realizado com sucesso
2026-01-14 09:50:10,765 | INFO | app | Upsert realizado com sucesso
2026-01-14 09:50:10,853 | INFO | app | Upsert realizado com sucesso
2026-01-14 09:50:10,943 | INFO | app | Upsert realizado com sucesso
2026-01-14 09:50:11,371 | INFO | app | Upsert realizado com sucesso
2026-01-14 09:50:11,675 | INFO | app | Upsert realizado com sucesso
2026-01-14 09:50:11,839 | INFO | app | Upsert realizado com sucesso
2026-01-14 09:50:11,942 | INFO | app | Upsert realizado com sucesso
2026-01-14 09:50:12,028 | INFO | app | Upsert realizado com sucesso
2026-01-14 09:50:12,112 | INFO | app | Upsert realizado com sucesso
2026-01-14 09:50:12,192 | INFO | app | Upsert realizado com sucesso
2026-01-14 09:50:12,294 | INFO | app | Upsert realizado com sucesso
2026-01-14 09:50:12,381 | INFO | app | Upsert realizado com sucesso
2026-01-14 09:50:12,486 | INFO | app | Upsert realizado com sucesso
2026-01-14 09:50:12,566 | INFO | app | Upsert realizado com sucesso
2026-01-14 09:50:12,654 | INFO | app | Upsert realizado com sucesso
2026-01-14 09:50:12,746 | INFO | app | Upsert realizado com sucesso
2026-01-14 09:50:12,830 | INFO | app | Upsert realizado com sucesso
2026-01-14 09:50:12,914 | INFO | app | Upsert realizado com sucesso
2026-01-14 09:50:13,000 | INFO | app | Upsert realizado com sucesso
2026-01-14 09:50:13,085 | INFO | app | Upsert realizado com sucesso
2026-01-14 09:50:13,193 | INFO | app | Upsert realizado com sucesso
2026-01-14 09:50:13,280 | INFO | app | Upsert realizado com sucesso
2026-01-14 09:50:13,361 | INFO | app | Upsert realizado com sucesso
2026-01-14 09:50:13,442 | INFO | app | Upsert realizado com sucesso
2026-01-14 09:50:13,520 | INFO | app | Upsert realizado com sucesso
2026-01-14 09:50:13,607 | INFO | app | Upsert realizado com sucesso
2026-01-14 09:50:13,715 | INFO | app | Upsert realizado com sucesso
2026-01-14 09:50:13,801 | INFO | app | Upsert realizado com sucesso
2026-01-14 09:50:13,887 | INFO | app | Upsert realizado com sucesso
2026-01-14 09:50:13,988 | INFO | app | Upsert realizado com sucesso
2026-01-14 09:50:14,072 | INFO | app | Upsert realizado com sucesso
2026-01-14 09:50:14,174 | INFO | app | Upsert realizado com sucesso
2026-01-14 09:50:14,264 | INFO | app | Upsert realizado com sucesso
2026-01-14 09:50:14,349 | INFO | app | Upsert realizado com sucesso
2026-01-14 09:50:14,456 | INFO | app | Upsert realizado com sucesso
2026-01-14 09:50:14,543 | INFO | app | Upsert realizado com sucesso
2026-01-14 09:50:15,150 | INFO | app | Upsert realizado com sucesso
2026-01-14 09:50:15,255 | INFO | app | Upsert realizado com sucesso
2026-01-14 09:50:15,362 | INFO | app | Upsert realizado com sucesso
2026-01-14 09:50:15,475 | INFO | app | Upsert realizado com sucesso
2026-01-14 09:50:15,579 | INFO | app | Upsert realizado com sucesso
2026-01-14 09:50:15,691 | INFO | app | Upsert realizado com sucesso
2026-01-14 09:50:15,776 | INFO | app | Upsert realizado com sucesso
2026-01-14 09:50:15,865 | INFO | app | Upsert realizado com sucesso
2026-01-14 09:50:15,953 | INFO | app | Upsert realizado com sucesso
2026-01-14 09:50:16,043 | INFO | app | Upsert realizado com sucesso
2026-01-14 09:50:16,126 | INFO | app | Upsert realizado com sucesso
2026-01-14 09:50:16,212 | INFO | app | Upsert realizado com sucesso
2026-01-14 09:50:16,292 | INFO | app | Upsert realizado com sucesso
2026-01-14 09:50:16,380 | INFO | app | Upsert realizado com sucesso
2026-01-14 09:50:16,473 | INFO | app | Upsert realizado com sucesso
2026-01-14 09:50:16,564 | INFO | app | Upsert realizado com sucesso
2026-01-14 09:50:16,674 | INFO | app | Upsert realizado com sucesso
2026-01-14 09:50:16,773 | INFO | app | Upsert realizado com sucesso
2026-01-14 09:50:16,857 | INFO | app | Upsert realizado com sucesso
2026-01-14 09:50:16,968 | INFO | app | Upsert realizado com sucesso
2026-01-14 09:50:17,061 | INFO | app | Upsert realizado com sucesso
2026-01-14 09:50:17,143 | INFO | app | Upsert realizado com sucesso
2026-01-14 09:50:17,239 | INFO | app | Upsert realizado com sucesso
2026-01-14 09:50:17,330 | INFO | app | Upsert realizado com sucesso
2026-01-14 09:50:17,429 | INFO | app | Upsert realizado com sucesso
2026-01-14 09:50:17,535 | INFO | app | Upsert realizado com sucesso
2026-01-14 09:50:17,644 | INFO | app | Upsert realizado com sucesso
2026-01-14 09:50:17,733 | INFO | app | Upsert realizado com sucesso
2026-01-14 09:50:17,816 | INFO | app | Upsert realizado com sucesso
2026-01-14 09:50:17,907 | INFO | app | Upsert realizado com sucesso
2026-01-14 09:50:17,988 | INFO | app | Upsert realizado com sucesso
2026-01-14 09:50:18,077 | INFO | app | Upsert realizado com sucesso
2026-01-14 09:50:18,173 | INFO | app | Upsert realizado com sucesso
2026-01-14 09:50:18,475 | INFO | app | Upsert realizado com sucesso
2026-01-14 09:50:18,557 | INFO | app | Upsert realizado com sucesso
2026-01-14 09:50:18,641 | INFO | app | Upsert realizado com sucesso
2026-01-14 09:50:38,917 | INFO | app | Enviando fila de impressão para agente
2026-01-14 09:50:39,239 | INFO | app | Agente confirmou impressão
2026-01-16 20:17:05,737 | INFO | app | Aplicação iniciada
2026-01-16 22:10:22,737 | ERROR | app.app | Exception on /buscar [GET]
Traceback (most recent call last):
  File "C:\Users\lucas.moreira\AppData\Local\Programs\Python\Python310\lib\site-packages\flask\app.py", line 2190, in wsgi_app
    response = self.full_dispatch_request()
  File "C:\Users\lucas.moreira\AppData\Local\Programs\Python\Python310\lib\site-packages\flask\app.py", line 1486, in full_dispatch_request
    rv = self.handle_user_exception(e)
  File "C:\Users\lucas.moreira\AppData\Local\Programs\Python\Python310\lib\site-packages\flask\app.py", line 1484, in full_dispatch_request
    rv = self.dispatch_request()
  File "C:\Users\lucas.moreira\AppData\Local\Programs\Python\Python310\lib\site-packages\flask\app.py", line 1469, in dispatch_request
    return self.ensure_sync(self.view_functions[rule.endpoint])(**view_args)
  File "C:\Users\lucas.moreira\Documents\projetos\refatorado\app\routes\web.py", line 34, in buscar
    resultados = Item.query.filter(Item.lote.in_(numeros)).all()
AttributeError: type object 'Item' has no attribute 'lote'
2026-01-16 22:10:33,994 | ERROR | app.app | Exception on /buscar [GET]
Traceback (most recent call last):
  File "C:\Users\lucas.moreira\AppData\Local\Programs\Python\Python310\lib\site-packages\flask\app.py", line 2190, in wsgi_app
    response = self.full_dispatch_request()
  File "C:\Users\lucas.moreira\AppData\Local\Programs\Python\Python310\lib\site-packages\flask\app.py", line 1486, in full_dispatch_request
    rv = self.handle_user_exception(e)
  File "C:\Users\lucas.moreira\AppData\Local\Programs\Python\Python310\lib\site-packages\flask\app.py", line 1484, in full_dispatch_request
    rv = self.dispatch_request()
  File "C:\Users\lucas.moreira\AppData\Local\Programs\Python\Python310\lib\site-packages\flask\app.py", line 1469, in dispatch_request
    return self.ensure_sync(self.view_functions[rule.endpoint])(**view_args)
  File "C:\Users\lucas.moreira\Documents\projetos\refatorado\app\routes\web.py", line 34, in buscar
    resultados = Item.query.filter(Item.lote.in_(numeros)).all()
AttributeError: type object 'Item' has no attribute 'lote'
2026-01-16 22:10:55,692 | INFO | app | Aplicação iniciada
2026-01-16 22:11:54,567 | ERROR | app.app | Exception on /buscar [GET]
Traceback (most recent call last):
  File "C:\Users\lucas.moreira\AppData\Local\Programs\Python\Python310\lib\site-packages\flask\app.py", line 2190, in wsgi_app
    response = self.full_dispatch_request()
  File "C:\Users\lucas.moreira\AppData\Local\Programs\Python\Python310\lib\site-packages\flask\app.py", line 1486, in full_dispatch_request
    rv = self.handle_user_exception(e)
  File "C:\Users\lucas.moreira\AppData\Local\Programs\Python\Python310\lib\site-packages\flask\app.py", line 1484, in full_dispatch_request
    rv = self.dispatch_request()
  File "C:\Users\lucas.moreira\AppData\Local\Programs\Python\Python310\lib\site-packages\flask\app.py", line 1469, in dispatch_request
    return self.ensure_sync(self.view_functions[rule.endpoint])(**view_args)
  File "C:\Users\lucas.moreira\Documents\projetos\refatorado\app\routes\web.py", line 34, in buscar
    resultados = Item.query.filter(Item.lote.in_(numeros)).all()
AttributeError: type object 'Item' has no attribute 'lote'
2026-01-16 22:15:31,992 | ERROR | app.app | Exception on /buscar [GET]
Traceback (most recent call last):
  File "C:\Users\lucas.moreira\AppData\Local\Programs\Python\Python310\lib\site-packages\flask\app.py", line 2190, in wsgi_app
    response = self.full_dispatch_request()
  File "C:\Users\lucas.moreira\AppData\Local\Programs\Python\Python310\lib\site-packages\flask\app.py", line 1486, in full_dispatch_request
    rv = self.handle_user_exception(e)
  File "C:\Users\lucas.moreira\AppData\Local\Programs\Python\Python310\lib\site-packages\flask\app.py", line 1484, in full_dispatch_request
    rv = self.dispatch_request()
  File "C:\Users\lucas.moreira\AppData\Local\Programs\Python\Python310\lib\site-packages\flask\app.py", line 1469, in dispatch_request
    return self.ensure_sync(self.view_functions[rule.endpoint])(**view_args)
  File "C:\Users\lucas.moreira\Documents\projetos\refatorado\app\routes\web.py", line 34, in buscar
    resultados = Item.query.filter(Item.Lote.in_(numeros)).all()
AttributeError: type object 'Item' has no attribute 'lote'
2026-01-16 22:18:12,391 | INFO | app | Aplicação iniciada
2026-01-16 22:18:16,085 | ERROR | app.app | Exception on /buscar [GET]
Traceback (most recent call last):
  File "C:\Users\lucas.moreira\AppData\Local\Programs\Python\Python310\lib\site-packages\flask\app.py", line 2190, in wsgi_app
    response = self.full_dispatch_request()
  File "C:\Users\lucas.moreira\AppData\Local\Programs\Python\Python310\lib\site-packages\flask\app.py", line 1486, in full_dispatch_request
    rv = self.handle_user_exception(e)
  File "C:\Users\lucas.moreira\AppData\Local\Programs\Python\Python310\lib\site-packages\flask\app.py", line 1484, in full_dispatch_request
    rv = self.dispatch_request()
  File "C:\Users\lucas.moreira\AppData\Local\Programs\Python\Python310\lib\site-packages\flask\app.py", line 1469, in dispatch_request
    return self.ensure_sync(self.view_functions[rule.endpoint])(**view_args)
  File "C:\Users\lucas.moreira\Documents\projetos\refatorado\app\routes\web.py", line 37, in buscar
    resultados = Item.query.filter(Item.Lote.in_(lotes_formatados)).all()
  File "C:\Users\lucas.moreira\AppData\Local\Programs\Python\Python310\lib\site-packages\sqlalchemy\orm\query.py", line 2704, in all
    return self._iter().all()  # type: ignore
  File "C:\Users\lucas.moreira\AppData\Local\Programs\Python\Python310\lib\site-packages\sqlalchemy\orm\query.py", line 2858, in _iter
    result: Union[ScalarResult[_T], Result[_T]] = self.session.execute(
  File "C:\Users\lucas.moreira\AppData\Local\Programs\Python\Python310\lib\site-packages\sqlalchemy\orm\session.py", line 2365, in execute
    return self._execute_internal(
  File "C:\Users\lucas.moreira\AppData\Local\Programs\Python\Python310\lib\site-packages\sqlalchemy\orm\session.py", line 2239, in _execute_internal
    bind = self.get_bind(**bind_arguments)
  File "C:\Users\lucas.moreira\AppData\Local\Programs\Python\Python310\lib\site-packages\flask_sqlalchemy\session.py", line 53, in get_bind
    engines = self._db.engines
  File "C:\Users\lucas.moreira\AppData\Local\Programs\Python\Python310\lib\site-packages\flask_sqlalchemy\extension.py", line 642, in engines
    raise RuntimeError(
RuntimeError: The current Flask app is not registered with this 'SQLAlchemy' instance. Did you forget to call 'init_app', or did you create multiple 'SQLAlchemy' instances?
2026-01-16 22:23:17,203 | INFO | app | Aplicação iniciada com Banco de Dados
2026-01-16 22:23:23,503 | ERROR | app.app | Exception on /buscar [GET]
Traceback (most recent call last):
  File "C:\Users\lucas.moreira\AppData\Local\Programs\Python\Python310\lib\site-packages\sqlalchemy\engine\base.py", line 1964, in _exec_single_context
    self.dialect.do_execute(
  File "C:\Users\lucas.moreira\AppData\Local\Programs\Python\Python310\lib\site-packages\sqlalchemy\engine\default.py", line 942, in do_execute
    cursor.execute(statement, parameters)
psycopg2.errors.UndefinedTable: relation "cellavita" does not exist
LINE 2: FROM cellavita 
             ^


The above exception was the direct cause of the following exception:

Traceback (most recent call last):
  File "C:\Users\lucas.moreira\AppData\Local\Programs\Python\Python310\lib\site-packages\flask\app.py", line 2190, in wsgi_app
    response = self.full_dispatch_request()
  File "C:\Users\lucas.moreira\AppData\Local\Programs\Python\Python310\lib\site-packages\flask\app.py", line 1486, in full_dispatch_request
    rv = self.handle_user_exception(e)
  File "C:\Users\lucas.moreira\AppData\Local\Programs\Python\Python310\lib\site-packages\flask\app.py", line 1484, in full_dispatch_request
    rv = self.dispatch_request()
  File "C:\Users\lucas.moreira\AppData\Local\Programs\Python\Python310\lib\site-packages\flask\app.py", line 1469, in dispatch_request
    return self.ensure_sync(self.view_functions[rule.endpoint])(**view_args)
  File "C:\Users\lucas.moreira\Documents\projetos\refatorado\app\routes\web.py", line 37, in buscar
    resultados = Item.query.filter(Item.Lote.in_(lotes_formatados)).all()
  File "C:\Users\lucas.moreira\AppData\Local\Programs\Python\Python310\lib\site-packages\sqlalchemy\orm\query.py", line 2704, in all
    return self._iter().all()  # type: ignore
  File "C:\Users\lucas.moreira\AppData\Local\Programs\Python\Python310\lib\site-packages\sqlalchemy\orm\query.py", line 2858, in _iter
    result: Union[ScalarResult[_T], Result[_T]] = self.session.execute(
  File "C:\Users\lucas.moreira\AppData\Local\Programs\Python\Python310\lib\site-packages\sqlalchemy\orm\session.py", line 2365, in execute
    return self._execute_internal(
  File "C:\Users\lucas.moreira\AppData\Local\Programs\Python\Python310\lib\site-packages\sqlalchemy\orm\session.py", line 2251, in _execute_internal
    result: Result[Any] = compile_state_cls.orm_execute_statement(
  File "C:\Users\lucas.moreira\AppData\Local\Programs\Python\Python310\lib\site-packages\sqlalchemy\orm\context.py", line 306, in orm_execute_statement
    result = conn.execute(
  File "C:\Users\lucas.moreira\AppData\Local\Programs\Python\Python310\lib\site-packages\sqlalchemy\engine\base.py", line 1416, in execute
    return meth(
  File "C:\Users\lucas.moreira\AppData\Local\Programs\Python\Python310\lib\site-packages\sqlalchemy\sql\elements.py", line 523, in _execute_on_connection
    return connection._execute_clauseelement(
  File "C:\Users\lucas.moreira\AppData\Local\Programs\Python\Python310\lib\site-packages\sqlalchemy\engine\base.py", line 1638, in _execute_clauseelement
    ret = self._execute_context(
  File "C:\Users\lucas.moreira\AppData\Local\Programs\Python\Python310\lib\site-packages\sqlalchemy\engine\base.py", line 1843, in _execute_context
    return self._exec_single_context(
  File "C:\Users\lucas.moreira\AppData\Local\Programs\Python\Python310\lib\site-packages\sqlalchemy\engine\base.py", line 1983, in _exec_single_context
    self._handle_dbapi_exception(
  File "C:\Users\lucas.moreira\AppData\Local\Programs\Python\Python310\lib\site-packages\sqlalchemy\engine\base.py", line 2352, in _handle_dbapi_exception
    raise sqlalchemy_exception.with_traceback(exc_info[2]) from e
  File "C:\Users\lucas.moreira\AppData\Local\Programs\Python\Python310\lib\site-packages\sqlalchemy\engine\base.py", line 1964, in _exec_single_context
    self.dialect.do_execute(
  File "C:\Users\lucas.moreira\AppData\Local\Programs\Python\Python310\lib\site-packages\sqlalchemy\engine\default.py", line 942, in do_execute
    cursor.execute(statement, parameters)
sqlalchemy.exc.ProgrammingError: (psycopg2.errors.UndefinedTable) relation "cellavita" does not exist
LINE 2: FROM cellavita 
             ^

[SQL: SELECT cellavita.id AS cellavita_id, cellavita."Codigo" AS "cellavita_Codigo", cellavita."Descricao" AS "cellavita_Descricao", cellavita."Lote" AS "cellavita_Lote", cellavita."Status" AS "cellavita_Status", cellavita."Validade" AS "cellavita_Validade" 
FROM cellavita 
WHERE cellavita."Lote" IN (%(Lote_1_1)s)]
[parameters: {'Lote_1_1': "LIC'3710"}]
(Background on this error at: https://sqlalche.me/e/20/f405)
2026-01-16 22:24:01,719 | INFO | app | Aplicação iniciada com Banco de Dados
2026-01-16 22:24:07,073 | ERROR | app.app | Exception on /buscar [GET]
Traceback (most recent call last):
  File "C:\Users\lucas.moreira\AppData\Local\Programs\Python\Python310\lib\site-packages\sqlalchemy\engine\base.py", line 1964, in _exec_single_context
    self.dialect.do_execute(
  File "C:\Users\lucas.moreira\AppData\Local\Programs\Python\Python310\lib\site-packages\sqlalchemy\engine\default.py", line 942, in do_execute
    cursor.execute(statement, parameters)
psycopg2.errors.UndefinedTable: relation "cellavita" does not exist
LINE 2: FROM cellavita 
             ^


The above exception was the direct cause of the following exception:

Traceback (most recent call last):
  File "C:\Users\lucas.moreira\AppData\Local\Programs\Python\Python310\lib\site-packages\flask\app.py", line 2190, in wsgi_app
    response = self.full_dispatch_request()
  File "C:\Users\lucas.moreira\AppData\Local\Programs\Python\Python310\lib\site-packages\flask\app.py", line 1486, in full_dispatch_request
    rv = self.handle_user_exception(e)
  File "C:\Users\lucas.moreira\AppData\Local\Programs\Python\Python310\lib\site-packages\flask\app.py", line 1484, in full_dispatch_request
    rv = self.dispatch_request()
  File "C:\Users\lucas.moreira\AppData\Local\Programs\Python\Python310\lib\site-packages\flask\app.py", line 1469, in dispatch_request
    return self.ensure_sync(self.view_functions[rule.endpoint])(**view_args)
  File "C:\Users\lucas.moreira\Documents\projetos\refatorado\app\routes\web.py", line 37, in buscar
    resultados = Item.query.filter(Item.Lote.in_(lotes_formatados)).all()
  File "C:\Users\lucas.moreira\AppData\Local\Programs\Python\Python310\lib\site-packages\sqlalchemy\orm\query.py", line 2704, in all
    return self._iter().all()  # type: ignore
  File "C:\Users\lucas.moreira\AppData\Local\Programs\Python\Python310\lib\site-packages\sqlalchemy\orm\query.py", line 2858, in _iter
    result: Union[ScalarResult[_T], Result[_T]] = self.session.execute(
  File "C:\Users\lucas.moreira\AppData\Local\Programs\Python\Python310\lib\site-packages\sqlalchemy\orm\session.py", line 2365, in execute
    return self._execute_internal(
  File "C:\Users\lucas.moreira\AppData\Local\Programs\Python\Python310\lib\site-packages\sqlalchemy\orm\session.py", line 2251, in _execute_internal
    result: Result[Any] = compile_state_cls.orm_execute_statement(
  File "C:\Users\lucas.moreira\AppData\Local\Programs\Python\Python310\lib\site-packages\sqlalchemy\orm\context.py", line 306, in orm_execute_statement
    result = conn.execute(
  File "C:\Users\lucas.moreira\AppData\Local\Programs\Python\Python310\lib\site-packages\sqlalchemy\engine\base.py", line 1416, in execute
    return meth(
  File "C:\Users\lucas.moreira\AppData\Local\Programs\Python\Python310\lib\site-packages\sqlalchemy\sql\elements.py", line 523, in _execute_on_connection
    return connection._execute_clauseelement(
  File "C:\Users\lucas.moreira\AppData\Local\Programs\Python\Python310\lib\site-packages\sqlalchemy\engine\base.py", line 1638, in _execute_clauseelement
    ret = self._execute_context(
  File "C:\Users\lucas.moreira\AppData\Local\Programs\Python\Python310\lib\site-packages\sqlalchemy\engine\base.py", line 1843, in _execute_context
    return self._exec_single_context(
  File "C:\Users\lucas.moreira\AppData\Local\Programs\Python\Python310\lib\site-packages\sqlalchemy\engine\base.py", line 1983, in _exec_single_context
    self._handle_dbapi_exception(
  File "C:\Users\lucas.moreira\AppData\Local\Programs\Python\Python310\lib\site-packages\sqlalchemy\engine\base.py", line 2352, in _handle_dbapi_exception
    raise sqlalchemy_exception.with_traceback(exc_info[2]) from e
  File "C:\Users\lucas.moreira\AppData\Local\Programs\Python\Python310\lib\site-packages\sqlalchemy\engine\base.py", line 1964, in _exec_single_context
    self.dialect.do_execute(
  File "C:\Users\lucas.moreira\AppData\Local\Programs\Python\Python310\lib\site-packages\sqlalchemy\engine\default.py", line 942, in do_execute
    cursor.execute(statement, parameters)
sqlalchemy.exc.ProgrammingError: (psycopg2.errors.UndefinedTable) relation "cellavita" does not exist
LINE 2: FROM cellavita 
             ^

[SQL: SELECT cellavita.id AS cellavita_id, cellavita."Codigo" AS "cellavita_Codigo", cellavita."Descricao" AS "cellavita_Descricao", cellavita."Lote" AS "cellavita_Lote", cellavita."Status" AS "cellavita_Status", cellavita."Validade" AS "cellavita_Validade" 
FROM cellavita 
WHERE cellavita."Lote" IN (%(Lote_1_1)s)]
[parameters: {'Lote_1_1': "LIC'1411"}]
(Background on this error at: https://sqlalche.me/e/20/f405)
2026-01-16 22:31:45,883 | INFO | app | Aplicação iniciada com Banco de Dados
2026-01-16 22:31:49,244 | ERROR | app.app | Exception on /buscar [GET]
Traceback (most recent call last):
  File "C:\Users\lucas.moreira\AppData\Local\Programs\Python\Python310\lib\site-packages\sqlalchemy\engine\base.py", line 1964, in _exec_single_context
    self.dialect.do_execute(
  File "C:\Users\lucas.moreira\AppData\Local\Programs\Python\Python310\lib\site-packages\sqlalchemy\engine\default.py", line 942, in do_execute
    cursor.execute(statement, parameters)
psycopg2.errors.UndefinedTable: relation "cellavita" does not exist
LINE 2: FROM cellavita 
             ^


The above exception was the direct cause of the following exception:

Traceback (most recent call last):
  File "C:\Users\lucas.moreira\AppData\Local\Programs\Python\Python310\lib\site-packages\flask\app.py", line 2190, in wsgi_app
    response = self.full_dispatch_request()
  File "C:\Users\lucas.moreira\AppData\Local\Programs\Python\Python310\lib\site-packages\flask\app.py", line 1486, in full_dispatch_request
    rv = self.handle_user_exception(e)
  File "C:\Users\lucas.moreira\AppData\Local\Programs\Python\Python310\lib\site-packages\flask\app.py", line 1484, in full_dispatch_request
    rv = self.dispatch_request()
  File "C:\Users\lucas.moreira\AppData\Local\Programs\Python\Python310\lib\site-packages\flask\app.py", line 1469, in dispatch_request
    return self.ensure_sync(self.view_functions[rule.endpoint])(**view_args)
  File "C:\Users\lucas.moreira\Documents\projetos\refatorado\app\routes\web.py", line 37, in buscar
    resultados = Item.query.filter(Item.Lote.in_(lotes_formatados)).all()
  File "C:\Users\lucas.moreira\AppData\Local\Programs\Python\Python310\lib\site-packages\sqlalchemy\orm\query.py", line 2704, in all
    return self._iter().all()  # type: ignore
  File "C:\Users\lucas.moreira\AppData\Local\Programs\Python\Python310\lib\site-packages\sqlalchemy\orm\query.py", line 2858, in _iter
    result: Union[ScalarResult[_T], Result[_T]] = self.session.execute(
  File "C:\Users\lucas.moreira\AppData\Local\Programs\Python\Python310\lib\site-packages\sqlalchemy\orm\session.py", line 2365, in execute
    return self._execute_internal(
  File "C:\Users\lucas.moreira\AppData\Local\Programs\Python\Python310\lib\site-packages\sqlalchemy\orm\session.py", line 2251, in _execute_internal
    result: Result[Any] = compile_state_cls.orm_execute_statement(
  File "C:\Users\lucas.moreira\AppData\Local\Programs\Python\Python310\lib\site-packages\sqlalchemy\orm\context.py", line 306, in orm_execute_statement
    result = conn.execute(
  File "C:\Users\lucas.moreira\AppData\Local\Programs\Python\Python310\lib\site-packages\sqlalchemy\engine\base.py", line 1416, in execute
    return meth(
  File "C:\Users\lucas.moreira\AppData\Local\Programs\Python\Python310\lib\site-packages\sqlalchemy\sql\elements.py", line 523, in _execute_on_connection
    return connection._execute_clauseelement(
  File "C:\Users\lucas.moreira\AppData\Local\Programs\Python\Python310\lib\site-packages\sqlalchemy\engine\base.py", line 1638, in _execute_clauseelement
    ret = self._execute_context(
  File "C:\Users\lucas.moreira\AppData\Local\Programs\Python\Python310\lib\site-packages\sqlalchemy\engine\base.py", line 1843, in _execute_context
    return self._exec_single_context(
  File "C:\Users\lucas.moreira\AppData\Local\Programs\Python\Python310\lib\site-packages\sqlalchemy\engine\base.py", line 1983, in _exec_single_context
    self._handle_dbapi_exception(
  File "C:\Users\lucas.moreira\AppData\Local\Programs\Python\Python310\lib\site-packages\sqlalchemy\engine\base.py", line 2352, in _handle_dbapi_exception
    raise sqlalchemy_exception.with_traceback(exc_info[2]) from e
  File "C:\Users\lucas.moreira\AppData\Local\Programs\Python\Python310\lib\site-packages\sqlalchemy\engine\base.py", line 1964, in _exec_single_context
    self.dialect.do_execute(
  File "C:\Users\lucas.moreira\AppData\Local\Programs\Python\Python310\lib\site-packages\sqlalchemy\engine\default.py", line 942, in do_execute
    cursor.execute(statement, parameters)
sqlalchemy.exc.ProgrammingError: (psycopg2.errors.UndefinedTable) relation "cellavita" does not exist
LINE 2: FROM cellavita 
             ^

[SQL: SELECT cellavita.id AS cellavita_id, cellavita."Codigo" AS "cellavita_Codigo", cellavita."Descricao" AS "cellavita_Descricao", cellavita."Lote" AS "cellavita_Lote", cellavita."Status" AS "cellavita_Status", cellavita."Validade" AS "cellavita_Validade" 
FROM cellavita 
WHERE cellavita."Lote" IN (%(Lote_1_1)s)]
[parameters: {'Lote_1_1': "LIC'1411"}]
(Background on this error at: https://sqlalche.me/e/20/f405)
2026-01-16 22:31:51,871 | ERROR | app.app | Exception on /buscar [GET]
Traceback (most recent call last):
  File "C:\Users\lucas.moreira\AppData\Local\Programs\Python\Python310\lib\site-packages\sqlalchemy\engine\base.py", line 1964, in _exec_single_context
    self.dialect.do_execute(
  File "C:\Users\lucas.moreira\AppData\Local\Programs\Python\Python310\lib\site-packages\sqlalchemy\engine\default.py", line 942, in do_execute
    cursor.execute(statement, parameters)
psycopg2.errors.UndefinedTable: relation "cellavita" does not exist
LINE 2: FROM cellavita 
             ^


The above exception was the direct cause of the following exception:

Traceback (most recent call last):
  File "C:\Users\lucas.moreira\AppData\Local\Programs\Python\Python310\lib\site-packages\flask\app.py", line 2190, in wsgi_app
    response = self.full_dispatch_request()
  File "C:\Users\lucas.moreira\AppData\Local\Programs\Python\Python310\lib\site-packages\flask\app.py", line 1486, in full_dispatch_request
    rv = self.handle_user_exception(e)
  File "C:\Users\lucas.moreira\AppData\Local\Programs\Python\Python310\lib\site-packages\flask\app.py", line 1484, in full_dispatch_request
    rv = self.dispatch_request()
  File "C:\Users\lucas.moreira\AppData\Local\Programs\Python\Python310\lib\site-packages\flask\app.py", line 1469, in dispatch_request
    return self.ensure_sync(self.view_functions[rule.endpoint])(**view_args)
  File "C:\Users\lucas.moreira\Documents\projetos\refatorado\app\routes\web.py", line 37, in buscar
    resultados = Item.query.filter(Item.Lote.in_(lotes_formatados)).all()
  File "C:\Users\lucas.moreira\AppData\Local\Programs\Python\Python310\lib\site-packages\sqlalchemy\orm\query.py", line 2704, in all
    return self._iter().all()  # type: ignore
  File "C:\Users\lucas.moreira\AppData\Local\Programs\Python\Python310\lib\site-packages\sqlalchemy\orm\query.py", line 2858, in _iter
    result: Union[ScalarResult[_T], Result[_T]] = self.session.execute(
  File "C:\Users\lucas.moreira\AppData\Local\Programs\Python\Python310\lib\site-packages\sqlalchemy\orm\session.py", line 2365, in execute
    return self._execute_internal(
  File "C:\Users\lucas.moreira\AppData\Local\Programs\Python\Python310\lib\site-packages\sqlalchemy\orm\session.py", line 2251, in _execute_internal
    result: Result[Any] = compile_state_cls.orm_execute_statement(
  File "C:\Users\lucas.moreira\AppData\Local\Programs\Python\Python310\lib\site-packages\sqlalchemy\orm\context.py", line 306, in orm_execute_statement
    result = conn.execute(
  File "C:\Users\lucas.moreira\AppData\Local\Programs\Python\Python310\lib\site-packages\sqlalchemy\engine\base.py", line 1416, in execute
    return meth(
  File "C:\Users\lucas.moreira\AppData\Local\Programs\Python\Python310\lib\site-packages\sqlalchemy\sql\elements.py", line 523, in _execute_on_connection
    return connection._execute_clauseelement(
  File "C:\Users\lucas.moreira\AppData\Local\Programs\Python\Python310\lib\site-packages\sqlalchemy\engine\base.py", line 1638, in _execute_clauseelement
    ret = self._execute_context(
  File "C:\Users\lucas.moreira\AppData\Local\Programs\Python\Python310\lib\site-packages\sqlalchemy\engine\base.py", line 1843, in _execute_context
    return self._exec_single_context(
  File "C:\Users\lucas.moreira\AppData\Local\Programs\Python\Python310\lib\site-packages\sqlalchemy\engine\base.py", line 1983, in _exec_single_context
    self._handle_dbapi_exception(
  File "C:\Users\lucas.moreira\AppData\Local\Programs\Python\Python310\lib\site-packages\sqlalchemy\engine\base.py", line 2352, in _handle_dbapi_exception
    raise sqlalchemy_exception.with_traceback(exc_info[2]) from e
  File "C:\Users\lucas.moreira\AppData\Local\Programs\Python\Python310\lib\site-packages\sqlalchemy\engine\base.py", line 1964, in _exec_single_context
    self.dialect.do_execute(
  File "C:\Users\lucas.moreira\AppData\Local\Programs\Python\Python310\lib\site-packages\sqlalchemy\engine\default.py", line 942, in do_execute
    cursor.execute(statement, parameters)
sqlalchemy.exc.ProgrammingError: (psycopg2.errors.UndefinedTable) relation "cellavita" does not exist
LINE 2: FROM cellavita 
             ^

[SQL: SELECT cellavita.id AS cellavita_id, cellavita."Codigo" AS "cellavita_Codigo", cellavita."Descricao" AS "cellavita_Descricao", cellavita."Lote" AS "cellavita_Lote", cellavita."Status" AS "cellavita_Status", cellavita."Validade" AS "cellavita_Validade" 
FROM cellavita 
WHERE cellavita."Lote" IN (%(Lote_1_1)s)]
[parameters: {'Lote_1_1': "LIC'1411"}]
(Background on this error at: https://sqlalche.me/e/20/f405)
2026-01-16 22:32:05,064 | INFO | app | Aplicação iniciada com Banco de Dados
2026-01-16 22:32:11,108 | ERROR | app.app | Exception on /buscar [GET]
Traceback (most recent call last):
  File "C:\Users\lucas.moreira\AppData\Local\Programs\Python\Python310\lib\site-packages\sqlalchemy\engine\base.py", line 1964, in _exec_single_context
    self.dialect.do_execute(
  File "C:\Users\lucas.moreira\AppData\Local\Programs\Python\Python310\lib\site-packages\sqlalchemy\engine\default.py", line 942, in do_execute
    cursor.execute(statement, parameters)
psycopg2.errors.UndefinedTable: relation "cellavita" does not exist
LINE 2: FROM cellavita 
             ^


The above exception was the direct cause of the following exception:

Traceback (most recent call last):
  File "C:\Users\lucas.moreira\AppData\Local\Programs\Python\Python310\lib\site-packages\flask\app.py", line 2190, in wsgi_app
    response = self.full_dispatch_request()
  File "C:\Users\lucas.moreira\AppData\Local\Programs\Python\Python310\lib\site-packages\flask\app.py", line 1486, in full_dispatch_request
    rv = self.handle_user_exception(e)
  File "C:\Users\lucas.moreira\AppData\Local\Programs\Python\Python310\lib\site-packages\flask\app.py", line 1484, in full_dispatch_request
    rv = self.dispatch_request()
  File "C:\Users\lucas.moreira\AppData\Local\Programs\Python\Python310\lib\site-packages\flask\app.py", line 1469, in dispatch_request
    return self.ensure_sync(self.view_functions[rule.endpoint])(**view_args)
  File "C:\Users\lucas.moreira\Documents\projetos\refatorado\app\routes\web.py", line 37, in buscar
    resultados = Item.query.filter(Item.Lote.in_(lotes_formatados)).all()
  File "C:\Users\lucas.moreira\AppData\Local\Programs\Python\Python310\lib\site-packages\sqlalchemy\orm\query.py", line 2704, in all
    return self._iter().all()  # type: ignore
  File "C:\Users\lucas.moreira\AppData\Local\Programs\Python\Python310\lib\site-packages\sqlalchemy\orm\query.py", line 2858, in _iter
    result: Union[ScalarResult[_T], Result[_T]] = self.session.execute(
  File "C:\Users\lucas.moreira\AppData\Local\Programs\Python\Python310\lib\site-packages\sqlalchemy\orm\session.py", line 2365, in execute
    return self._execute_internal(
  File "C:\Users\lucas.moreira\AppData\Local\Programs\Python\Python310\lib\site-packages\sqlalchemy\orm\session.py", line 2251, in _execute_internal
    result: Result[Any] = compile_state_cls.orm_execute_statement(
  File "C:\Users\lucas.moreira\AppData\Local\Programs\Python\Python310\lib\site-packages\sqlalchemy\orm\context.py", line 306, in orm_execute_statement
    result = conn.execute(
  File "C:\Users\lucas.moreira\AppData\Local\Programs\Python\Python310\lib\site-packages\sqlalchemy\engine\base.py", line 1416, in execute
    return meth(
  File "C:\Users\lucas.moreira\AppData\Local\Programs\Python\Python310\lib\site-packages\sqlalchemy\sql\elements.py", line 523, in _execute_on_connection
    return connection._execute_clauseelement(
  File "C:\Users\lucas.moreira\AppData\Local\Programs\Python\Python310\lib\site-packages\sqlalchemy\engine\base.py", line 1638, in _execute_clauseelement
    ret = self._execute_context(
  File "C:\Users\lucas.moreira\AppData\Local\Programs\Python\Python310\lib\site-packages\sqlalchemy\engine\base.py", line 1843, in _execute_context
    return self._exec_single_context(
  File "C:\Users\lucas.moreira\AppData\Local\Programs\Python\Python310\lib\site-packages\sqlalchemy\engine\base.py", line 1983, in _exec_single_context
    self._handle_dbapi_exception(
  File "C:\Users\lucas.moreira\AppData\Local\Programs\Python\Python310\lib\site-packages\sqlalchemy\engine\base.py", line 2352, in _handle_dbapi_exception
    raise sqlalchemy_exception.with_traceback(exc_info[2]) from e
  File "C:\Users\lucas.moreira\AppData\Local\Programs\Python\Python310\lib\site-packages\sqlalchemy\engine\base.py", line 1964, in _exec_single_context
    self.dialect.do_execute(
  File "C:\Users\lucas.moreira\AppData\Local\Programs\Python\Python310\lib\site-packages\sqlalchemy\engine\default.py", line 942, in do_execute
    cursor.execute(statement, parameters)
sqlalchemy.exc.ProgrammingError: (psycopg2.errors.UndefinedTable) relation "cellavita" does not exist
LINE 2: FROM cellavita 
             ^

[SQL: SELECT cellavita.id AS cellavita_id, cellavita."Codigo" AS "cellavita_Codigo", cellavita."Descricao" AS "cellavita_Descricao", cellavita."Lote" AS "cellavita_Lote", cellavita."Status" AS "cellavita_Status", cellavita."Validade" AS "cellavita_Validade" 
FROM cellavita 
WHERE cellavita."Lote" IN (%(Lote_1_1)s)]
[parameters: {'Lote_1_1': "LIC'3710"}]
(Background on this error at: https://sqlalche.me/e/20/f405)
2026-01-16 22:37:38,179 | INFO | app | Aplicação iniciada com Banco de Dados
2026-01-16 22:50:27,549 | INFO | app | Aplicação iniciada com Banco de Dados
2026-01-16 22:50:35,064 | INFO | app | Solicitação de impressão
2026-01-16 22:50:35,091 | INFO | app | Preparando impressão
2026-01-16 22:50:35,092 | ERROR | app.app | Exception on /imprimir/4183 [GET]
Traceback (most recent call last):
  File "C:\Users\lucas.moreira\AppData\Local\Programs\Python\Python310\lib\site-packages\flask\app.py", line 2190, in wsgi_app
    response = self.full_dispatch_request()
  File "C:\Users\lucas.moreira\AppData\Local\Programs\Python\Python310\lib\site-packages\flask\app.py", line 1486, in full_dispatch_request
    rv = self.handle_user_exception(e)
  File "C:\Users\lucas.moreira\AppData\Local\Programs\Python\Python310\lib\site-packages\flask\app.py", line 1484, in full_dispatch_request
    rv = self.dispatch_request()
  File "C:\Users\lucas.moreira\AppData\Local\Programs\Python\Python310\lib\site-packages\flask\app.py", line 1469, in dispatch_request
    return self.ensure_sync(self.view_functions[rule.endpoint])(**view_args)
  File "C:\Users\lucas.moreira\Documents\projetos\refatorado\app\routes\print.py", line 44, in imprimir
    validade_br = formatar_data_br(item["validade"])
TypeError: 'Item' object is not subscriptable
2026-01-16 22:51:55,292 | INFO | app | Aplicação iniciada com Banco de Dados
2026-01-16 22:52:18,254 | INFO | app | Solicitação de impressão
2026-01-16 22:52:18,278 | INFO | app | Preparando impressão
2026-01-16 22:52:18,279 | ERROR | app.app | Exception on /imprimir/4183 [GET]
Traceback (most recent call last):
  File "C:\Users\lucas.moreira\AppData\Local\Programs\Python\Python310\lib\site-packages\flask\app.py", line 2190, in wsgi_app
    response = self.full_dispatch_request()
  File "C:\Users\lucas.moreira\AppData\Local\Programs\Python\Python310\lib\site-packages\flask\app.py", line 1486, in full_dispatch_request
    rv = self.handle_user_exception(e)
  File "C:\Users\lucas.moreira\AppData\Local\Programs\Python\Python310\lib\site-packages\flask\app.py", line 1484, in full_dispatch_request
    rv = self.dispatch_request()
  File "C:\Users\lucas.moreira\AppData\Local\Programs\Python\Python310\lib\site-packages\flask\app.py", line 1469, in dispatch_request
    return self.ensure_sync(self.view_functions[rule.endpoint])(**view_args)
  File "C:\Users\lucas.moreira\Documents\projetos\refatorado\app\routes\print.py", line 44, in imprimir
    validade_br = formatar_data_br(item["validade"])
TypeError: 'Item' object is not subscriptable
2026-01-16 22:55:06,978 | INFO | app | Aplicação iniciada com Banco de Dados
2026-01-16 22:55:12,016 | INFO | app | Solicitação de impressão
2026-01-16 22:55:12,063 | INFO | app | Preparando impressão
2026-01-16 22:55:12,064 | ERROR | app.app | Exception on /imprimir/136 [GET]
Traceback (most recent call last):
  File "C:\Users\lucas.moreira\AppData\Local\Programs\Python\Python310\lib\site-packages\flask\app.py", line 2190, in wsgi_app
    response = self.full_dispatch_request()
  File "C:\Users\lucas.moreira\AppData\Local\Programs\Python\Python310\lib\site-packages\flask\app.py", line 1486, in full_dispatch_request
    rv = self.handle_user_exception(e)
  File "C:\Users\lucas.moreira\AppData\Local\Programs\Python\Python310\lib\site-packages\flask\app.py", line 1484, in full_dispatch_request
    rv = self.dispatch_request()
  File "C:\Users\lucas.moreira\AppData\Local\Programs\Python\Python310\lib\site-packages\flask\app.py", line 1469, in dispatch_request
    return self.ensure_sync(self.view_functions[rule.endpoint])(**view_args)
  File "C:\Users\lucas.moreira\Documents\projetos\refatorado\app\routes\print.py", line 44, in imprimir
    validade_br = formatar_data_br(item.validade)
AttributeError: 'Item' object has no attribute 'validade'
2026-01-16 22:56:16,135 | INFO | app | Aplicação iniciada com Banco de Dados
2026-01-16 22:56:18,512 | INFO | app | Solicitação de impressão
2026-01-16 22:56:18,543 | INFO | app | Preparando impressão
2026-01-16 22:56:18,545 | INFO | app | Enviando ZPL para agente de impressão
2026-01-16 22:56:18,554 | ERROR | app | Falha ao comunicar com agente de impressão
Traceback (most recent call last):
  File "C:\Users\lucas.moreira\Documents\projetos\refatorado\app\services\print_agent.py", line 23, in enviar_para_agente
    response = requests.post(
  File "C:\Users\lucas.moreira\AppData\Local\Programs\Python\Python310\lib\site-packages\requests\api.py", line 115, in post
    return request("post", url, data=data, json=json, **kwargs)
  File "C:\Users\lucas.moreira\AppData\Local\Programs\Python\Python310\lib\site-packages\requests\api.py", line 59, in request
    return session.request(method=method, url=url, **kwargs)
  File "C:\Users\lucas.moreira\AppData\Local\Programs\Python\Python310\lib\site-packages\requests\sessions.py", line 575, in request
    prep = self.prepare_request(req)
  File "C:\Users\lucas.moreira\AppData\Local\Programs\Python\Python310\lib\site-packages\requests\sessions.py", line 484, in prepare_request
    p.prepare(
  File "C:\Users\lucas.moreira\AppData\Local\Programs\Python\Python310\lib\site-packages\requests\models.py", line 367, in prepare
    self.prepare_url(url, params)
  File "C:\Users\lucas.moreira\AppData\Local\Programs\Python\Python310\lib\site-packages\requests\models.py", line 438, in prepare_url
    raise MissingSchema(
requests.exceptions.MissingSchema: Invalid URL "<class 'app.config.Config'>": No scheme supplied. Perhaps you meant https://<class 'app.config.Config'>?
2026-01-16 22:56:18,566 | ERROR | app | Agente de impressão OFFLINE ou inacessível
2026-01-16 22:56:53,749 | INFO | app | Aplicação iniciada com Banco de Dados
2026-01-16 22:57:01,481 | INFO | app | Solicitação de impressão
2026-01-16 22:57:01,509 | INFO | app | Preparando impressão
2026-01-16 22:57:01,511 | INFO | app | Enviando ZPL para agente de impressão
2026-01-16 22:57:01,518 | ERROR | app | Falha ao comunicar com agente de impressão
Traceback (most recent call last):
  File "C:\Users\lucas.moreira\Documents\projetos\refatorado\app\services\print_agent.py", line 23, in enviar_para_agente
    response = requests.post(
  File "C:\Users\lucas.moreira\AppData\Local\Programs\Python\Python310\lib\site-packages\requests\api.py", line 115, in post
    return request("post", url, data=data, json=json, **kwargs)
  File "C:\Users\lucas.moreira\AppData\Local\Programs\Python\Python310\lib\site-packages\requests\api.py", line 59, in request
    return session.request(method=method, url=url, **kwargs)
  File "C:\Users\lucas.moreira\AppData\Local\Programs\Python\Python310\lib\site-packages\requests\sessions.py", line 575, in request
    prep = self.prepare_request(req)
  File "C:\Users\lucas.moreira\AppData\Local\Programs\Python\Python310\lib\site-packages\requests\sessions.py", line 484, in prepare_request
    p.prepare(
  File "C:\Users\lucas.moreira\AppData\Local\Programs\Python\Python310\lib\site-packages\requests\models.py", line 367, in prepare
    self.prepare_url(url, params)
  File "C:\Users\lucas.moreira\AppData\Local\Programs\Python\Python310\lib\site-packages\requests\models.py", line 438, in prepare_url
    raise MissingSchema(
requests.exceptions.MissingSchema: Invalid URL "<class 'app.config.Config'>": No scheme supplied. Perhaps you meant https://<class 'app.config.Config'>?
2026-01-16 22:57:01,524 | ERROR | app | Agente de impressão OFFLINE ou inacessível
2026-01-16 23:00:26,618 | INFO | app | Aplicação iniciada com Banco de Dados
2026-01-16 23:00:34,805 | INFO | app | Solicitação de impressão
2026-01-16 23:00:34,830 | INFO | app | Preparando impressão
2026-01-16 23:00:34,831 | INFO | app | Enviando ZPL para agente de impressão
2026-01-16 23:00:35,314 | INFO | app | Agente confirmou impressão
2026-01-16 23:00:35,315 | INFO | app | Impressão concluída com sucesso
2026-01-17 00:21:34,288 | INFO | app | Aplicação iniciada com Banco de Dados
